tripid,vehicleid,start_timestamp,end_timestamp,start_latitude,start_longitude,end_latitude,end_longitude,total_distance,fuel_used,batteryused_kwh,elevation_profile,max_elevation,min_elevation,total_ascent,total_descent,vin,make,model,year,trip_duration,route_energy_cost,elevation_gain,state_of_charge,state_of_health,max_cell_temp,min_cell_temp,adjusted_energy_cost,intensity_score,temp_distance_stress,vehicle_type
26,2,2025-07-01 20:00:00,2025-07-01 21:15:00,40.7306,-73.9352,40.758,-73.9855,11.4,0.0,7.1,0:110;3:115;6:120;9:118;11.4:112,120,110,22,20,2T1BURHE0JC048236,Hyundai,Elantra,2021,1.25,5.58,10.0,79.3,94.9,37.4,28.5,5.022,9.12,426.36,Sedan
28,14,2025-07-02 00:00:00,2025-07-02 01:25:00,37.8044,-122.2712,37.82,-122.25,9.6,0.0,6.4,0:60;2:65;5:70;7:68;9.6:62,70,60,12,10,1C4PJLCB1JD123456,Jeep,Cherokee,2021,1.4166666666666667,3.72,10.0,79.9,95.0,37.5,28.6,4.0920000000000005,6.776470588235293,360.0,SUV
29,1,2025-07-02 02:00:00,2025-07-02 03:10:00,51.5285,-0.1015,51.54,-0.12,10.3,0.7,5.6,0:155;2.5:160;5:165;8:162;10.3:158,165,155,15,13,1HGCM82633A004352,Toyota,Corolla,2022,1.1666666666666667,4.3100000000000005,10.0,93.9,99.4,40.7,31.0,3.879,8.82857142857143,419.21,Sedan
30,8,2025-07-02 04:00:00,2025-07-02 05:15:00,48.8642,2.3499,48.88,2.37,12.2,0.0,7.5,0:85;3:90;6:95;9:93;12.2:87,95,85,10,8,5YJSA1E26JF123456,Tesla,Model S,2023,1.25,3.94,10.0,77.2,93.3,36.8,28.3,3.94,9.76,448.9599999999999,unknown
32,11,2025-07-02 08:00:00,2025-07-02 09:30:00,55.7658,37.605,55.78,37.59,11.7,0.0,7.0,0:45;3:50;6:55;9:53;11.7:48,55,45,10,8,3CZRU5H54JM123456,Honda,HR-V,2022,1.5,3.84,10.0,86.9,97.5,38.6,29.3,4.224,7.8,451.62,SUV
33,4,2025-07-02 10:00:00,2025-07-02 11:25:00,41.91,12.48,41.93,12.47,10.9,0.8,6.2,0:95;3:100;6:105;9:102;10.9:98,105,95,12,10,5YJ3E1EA7LF000111,Tesla,Model 3,2023,1.4166666666666667,3.98,10.0,76.3,92.7,36.7,27.8,3.98,7.694117647058824,400.03,unknown
34,18,2025-07-02 12:00:00,2025-07-02 13:20:00,52.53,13.41,52.55,13.42,13.3,0.0,8.0,0:125;4:130;7:135;11:133;13.3:128,135,125,16,14,1GNSKCKC0JR123456,Chevrolet,Tahoe,2023,1.3333333333333333,5.0600000000000005,10.0,78.8,94.7,37.3,28.5,5.566000000000001,9.975,496.09,SUV
36,13,2025-07-02 16:00:00,2025-07-02 17:10:00,40.7228,-74.016,40.74,-74.03,8.4,0.0,5.2,0:75;2:80;5:85;7:82;8.4:77,85,75,8,6,JN1BJ1CR7JW123456,Nissan,Rogue,2023,1.1666666666666667,2.88,10.0,92.6,98.8,39.9,30.6,3.168,7.2,335.16,SUV
37,9,2025-07-02 18:00:00,2025-07-02 19:20:00,51.5174,-0.1378,51.53,-0.15,12.6,0.9,6.8,0:95;4:100;8:105;11:103;12.6:98,105,95,12,10,1G1ZD5ST0JF123456,Chevrolet,Malibu,2020,1.3333333333333333,4.32,10.0,94.1,99.5,40.8,31.1,3.888,9.45,514.0799999999999,Sedan
38,15,2025-07-02 20:00:00,2025-07-02 21:30:00,48.8666,2.3622,48.88,2.38,11.3,0.0,7.1,0:60;3:65;6:70;9:68;11.3:63,70,60,10,8,KM8J33A44JU123456,Hyundai,Tucson,2022,1.5,3.76,10.0,85.6,97.0,38.2,29.1,4.136,7.533333333333334,431.6600000000001,SUV
39,17,2025-07-02 22:00:00,2025-07-02 23:10:00,35.6995,139.7017,35.71,139.72,9.1,0.6,5.9,0:255;2:260;5:265;7:263;9.1:257,265,255,10,8,5NPE24AF2JH123456,Hyundai,Sonata,2021,1.1666666666666667,3.3200000000000003,10.0,93.5,99.2,40.3,30.9,2.9880000000000004,7.799999999999999,366.73,Sedan
41,3,2025-07-03 02:00:00,2025-07-03 03:15:00,41.9128,12.5064,41.93,12.52,12.5,0.0,7.4,0:145;3:150;7:155;10:153;12.5:147,155,145,10,8,3FA6P0H73JR123456,Ford,Fusion,2020,1.25,4.0,10.0,86.4,97.4,38.4,29.2,3.6,10.0,480.0,Sedan
42,16,2025-07-03 04:00:00,2025-07-03 05:30:00,52.53,13.415,52.545,13.43,10.2,0.8,5.7,0:120;2:125;5:130;8:128;10.2:123,130,120,10,8,WA1BNAFY0J2123456,Audi,Q5,2020,1.5,3.54,10.0,76.6,93.2,36.8,28.3,3.894000000000001,6.8,375.36,SUV
43,7,2025-07-03 06:00:00,2025-07-03 07:20:00,34.0622,-118.2537,34.075,-118.26,8.9,0.0,5.0,0:70;2:75;5:80;7:78;8.9:72,80,70,8,6,1FTFW1E50JFA12345,Ford,F-150,2021,1.3333333333333333,2.9800000000000004,10.0,85.7,97.1,38.2,29.1,3.874000000000001,6.675000000000001,339.98,Truck
45,5,2025-07-03 10:00:00,2025-07-03 11:15:00,51.5174,-0.1378,51.53,-0.15,9.7,0.0,6.2,0:100;2:105;5:110;8:108;9.7:102,110,100,8,6,WAUZZZ8V6KA106789,Audi,A3,2019,1.25,3.14,10.0,92.7,98.9,40.0,30.7,3.14,7.76,388.0,Hatchback
46,2,2025-07-03 12:00:00,2025-07-03 13:30:00,48.8666,2.3622,48.88,2.38,11.9,0.7,7.0,0:65;3:70;6:75;9:73;11.9:68,75,65,10,8,2T1BURHE0JC048236,Hyundai,Elantra,2021,1.5,3.88,10.0,79.3,94.9,37.4,28.5,3.492,7.933333333333334,445.06,Sedan
47,10,2025-07-03 14:00:00,2025-07-03 15:20:00,35.6995,139.7017,35.71,139.72,8.3,0.0,5.5,0:260;2:265;5:270;7:268;8.3:262,270,260,8,6,2C3CDXBG3JH123456,Dodge,Charger,2021,1.3333333333333333,2.8600000000000003,10.0,79.0,94.8,37.3,28.5,2.5740000000000003,6.2250000000000005,309.59,Sedan
49,1,2025-07-03 18:00:00,2025-07-03 19:10:00,52.53,13.415,52.545,13.43,9.5,0.0,6.0,0:125;2:130;5:135;8:133;9.5:127,135,125,8,6,1HGCM82633A004352,Toyota,Corolla,2022,1.1666666666666667,3.1,10.0,93.9,99.4,40.7,31.0,2.79,8.142857142857142,386.65,Sedan
50,8,2025-07-03 20:00:00,2025-07-03 21:30:00,34.0622,-118.2537,34.075,-118.26,10.8,0.9,5.9,0:75;3:80;6:85;9:83;10.8:77,85,75,8,6,5YJSA1E26JF123456,Tesla,Model S,2023,1.5,3.3600000000000003,10.0,77.2,93.3,36.8,28.3,3.3600000000000003,7.2,397.44,unknown
52,11,2025-07-04 00:00:00,2025-07-04 01:10:00,55.78,37.59,55.79,37.6,8.6,0.0,5.3,0:50;2:55;4:60;7:58;8.6:52,60,50,8,6,3CZRU5H54JM123456,Honda,HR-V,2022,1.1666666666666667,2.92,10.0,86.9,97.5,38.6,29.3,3.212,7.371428571428571,331.96,SUV
53,4,2025-07-04 02:00:00,2025-07-04 03:25:00,41.93,12.47,41.95,12.46,10.7,0.8,6.5,0:100;3:105;6:110;9:108;10.7:102,110,100,10,8,5YJ3E1EA7LF000111,Tesla,Model 3,2023,1.4166666666666667,3.64,10.0,76.3,92.7,36.7,27.8,3.64,7.552941176470587,392.69,unknown
54,18,2025-07-04 04:00:00,2025-07-04 05:15:00,52.55,13.42,52.57,13.43,9.4,0.0,6.2,0:130;2:135;5:140;8:138;9.4:132,140,130,10,8,1GNSKCKC0JR123456,Chevrolet,Tahoe,2023,1.25,3.38,10.0,78.8,94.7,37.3,28.5,3.718,7.52,350.62,SUV
56,13,2025-07-04 08:00:00,2025-07-04 09:20:00,40.74,-74.03,40.76,-74.045,11.5,0.0,7.2,0:80;3:85;7:90;10:88;11.5:82,90,80,10,8,JN1BJ1CR7JW123456,Nissan,Rogue,2023,1.3333333333333333,3.8,10.0,92.6,98.8,39.9,30.6,4.18,8.625,458.85,SUV
57,9,2025-07-04 10:00:00,2025-07-04 11:15:00,51.53,-0.15,51.545,-0.16,9.9,0.7,6.0,0:100;2:105;5:110;8:108;9.9:102,110,100,8,6,1G1ZD5ST0JF123456,Chevrolet,Malibu,2020,1.25,3.18,10.0,94.1,99.5,40.8,31.1,2.862,7.92,403.92,Sedan
58,15,2025-07-04 12:00:00,2025-07-04 13:30:00,48.88,2.38,48.89,2.395,12.0,0.0,7.5,0:70;3:75;6:80;9:78;12.0:72,80,70,10,8,KM8J33A44JU123456,Hyundai,Tucson,2022,1.5,3.9,10.0,85.6,97.0,38.2,29.1,4.29,8.0,458.4,SUV
59,17,2025-07-04 14:00:00,2025-07-04 15:10:00,35.71,139.72,35.725,139.735,10.7,0.6,6.1,0:260;2:265;6:270;9:268;10.7:262,270,260,10,8,5NPE24AF2JH123456,Hyundai,Sonata,2021,1.1666666666666667,3.64,10.0,93.5,99.2,40.3,30.9,3.276,9.17142857142857,431.2099999999999,Sedan
61,3,2025-07-04 18:00:00,2025-07-04 19:20:00,41.93,12.52,41.95,12.54,12.1,0.0,7.8,0:150;3:155;7:160;10:158;12.1:152,160,150,10,8,3FA6P0H73JR123456,Ford,Fusion,2020,1.3333333333333333,3.92,10.0,86.4,97.4,38.4,29.2,3.528,9.075,464.64,Sedan
62,16,2025-07-04 20:00:00,2025-07-04 21:30:00,52.545,13.43,52.56,13.445,10.9,0.9,6.3,0:125;3:130;6:135;9:133;10.9:127,135,125,8,6,WA1BNAFY0J2123456,Audi,Q5,2020,1.5,3.38,10.0,76.6,93.2,36.8,28.3,3.718,7.266666666666667,401.12,SUV
63,7,2025-07-04 22:00:00,2025-07-04 23:10:00,34.075,-118.26,34.085,-118.27,8.5,0.0,5.4,0:75;2:80;5:85;7:83;8.5:77,85,75,8,6,1FTFW1E50JFA12345,Ford,F-150,2021,1.1666666666666667,2.9000000000000004,10.0,85.7,97.1,38.2,29.1,3.770000000000001,7.285714285714286,324.70000000000005,Truck
65,5,2025-07-05 02:00:00,2025-07-05 03:20:00,51.53,-0.15,51.545,-0.165,9.2,0.0,6.1,0:105;2:110;5:115;8:113;9.2:107,115,105,8,6,WAUZZZ8V6KA106789,Audi,A3,2019,1.3333333333333333,3.04,10.0,92.7,98.9,40.0,30.7,3.04,6.9,368.0,Hatchback
66,2,2025-07-05 04:00:00,2025-07-05 05:30:00,48.88,2.38,48.895,2.395,12.6,0.8,7.3,0:75;3:80;6:85;9:83;12.6:77,85,75,8,6,2T1BURHE0JC048236,Hyundai,Elantra,2021,1.5,3.72,10.0,79.3,94.9,37.4,28.5,3.3480000000000003,8.4,471.24,Sedan
67,10,2025-07-05 06:00:00,2025-07-05 07:20:00,35.71,139.72,35.725,139.735,8.8,0.0,5.7,0:265;2:270;5:275;7:273;8.8:267,275,265,8,6,2C3CDXBG3JH123456,Dodge,Charger,2021,1.3333333333333333,2.96,10.0,79.0,94.8,37.3,28.5,2.664,6.6000000000000005,328.24,Sedan
69,1,2025-07-05 10:00:00,2025-07-05 11:15:00,52.545,13.43,52.56,13.445,9.3,0.0,6.2,0:130;2:135;5:140;8:138;9.3:132,140,130,8,6,1HGCM82633A004352,Toyota,Corolla,2022,1.25,3.0600000000000005,10.0,93.9,99.4,40.7,31.0,2.7540000000000004,7.44,378.5100000000001,Sedan
70,8,2025-07-05 12:00:00,2025-07-05 13:30:00,34.075,-118.26,34.09,-118.275,10.2,0.9,6.0,0:80;3:85;7:90;9:88;10.2:82,90,80,8,6,5YJSA1E26JF123456,Tesla,Model S,2023,1.5,3.24,10.0,77.2,93.3,36.8,28.3,3.24,6.8,375.36,unknown
72,11,2025-07-05 16:00:00,2025-07-05 17:10:00,55.79,37.6,55.8,37.61,9.1,0.0,5.6,0:55;2:60;4:65;7:63;9.1:57,65,55,8,6,3CZRU5H54JM123456,Honda,HR-V,2022,1.1666666666666667,3.02,10.0,86.9,97.5,38.6,29.3,3.3220000000000005,7.799999999999999,351.26,SUV
73,4,2025-07-05 18:00:00,2025-07-05 19:25:00,41.95,12.46,41.97,12.45,11.2,0.9,6.7,0:105;3:110;6:115;9:113;11.2:107,115,105,10,8,5YJ3E1EA7LF000111,Tesla,Model 3,2023,1.4166666666666667,3.74,10.0,76.3,92.7,36.7,27.8,3.74,7.905882352941176,411.04,unknown
74,18,2025-07-05 20:00:00,2025-07-05 21:15:00,52.57,13.43,52.59,13.44,9.7,0.0,6.3,0:135;2:140;5:145;8:143;9.7:137,145,135,10,8,1GNSKCKC0JR123456,Chevrolet,Tahoe,2023,1.25,3.44,10.0,78.8,94.7,37.3,28.5,3.784,7.76,361.81,SUV
76,13,2025-07-05 23:00:00,2025-07-06 00:20:00,40.76,-74.045,40.78,-74.06,13.1,0.0,8.0,0:85;3:90;7:95;10:93;13.1:87,95,85,10,8,JN1BJ1CR7JW123456,Nissan,Rogue,2023,1.3333333333333333,4.12,10.0,92.6,98.8,39.9,30.6,4.532000000000001,9.825,522.6899999999999,SUV
77,9,2025-07-06 01:00:00,2025-07-06 02:10:00,51.545,-0.16,51.56,-0.17,10.4,0.7,6.4,0:105;2:110;5:115;8:113;10.4:107,115,105,8,6,1G1ZD5ST0JF123456,Chevrolet,Malibu,2020,1.1666666666666667,3.28,10.0,94.1,99.5,40.8,31.1,2.952,8.914285714285715,424.32,Sedan
78,15,2025-07-06 03:00:00,2025-07-06 04:30:00,48.89,2.395,48.9,2.41,11.7,0.0,7.8,0:75;3:80;6:85;9:83;11.7:77,85,75,8,6,KM8J33A44JU123456,Hyundai,Tucson,2022,1.5,3.54,10.0,85.6,97.0,38.2,29.1,3.894000000000001,7.8,446.94,SUV
79,17,2025-07-06 05:00:00,2025-07-06 06:10:00,35.725,139.735,35.74,139.75,9.5,0.6,6.0,0:270;2:275;5:280;7:278;9.5:272,280,270,8,6,5NPE24AF2JH123456,Hyundai,Sonata,2021,1.1666666666666667,3.1,10.0,93.5,99.2,40.3,30.9,2.79,8.142857142857142,382.85,Sedan
81,3,2025-07-06 09:00:00,2025-07-06 10:20:00,41.95,12.54,41.97,12.56,12.7,0.0,8.1,0:155;3:160;7:165;10:163;12.7:157,165,155,10,8,3FA6P0H73JR123456,Ford,Fusion,2020,1.3333333333333333,4.04,10.0,86.4,97.4,38.4,29.2,3.636,9.525,487.68,Sedan
82,16,2025-07-06 11:00:00,2025-07-06 12:30:00,52.56,13.445,52.575,13.46,11.2,1.0,6.5,0:130;3:135;6:140;9:138;11.2:132,140,130,8,6,WA1BNAFY0J2123456,Audi,Q5,2020,1.5,3.4399999999999995,10.0,76.6,93.2,36.8,28.3,3.784,7.466666666666666,412.16,SUV
83,7,2025-07-06 13:00:00,2025-07-06 14:10:00,34.085,-118.27,34.095,-118.285,8.2,0.0,5.1,0:80;2:85;5:90;7:88;8.2:82,90,80,8,6,1FTFW1E50JFA12345,Ford,F-150,2021,1.1666666666666667,2.84,10.0,85.7,97.1,38.2,29.1,3.692,7.028571428571428,313.24,Truck
85,5,2025-07-06 17:00:00,2025-07-06 18:20:00,51.545,-0.165,51.56,-0.18,9.6,0.0,6.3,0:110;2:115;5:120;8:118;9.6:112,120,110,8,6,WAUZZZ8V6KA106789,Audi,A3,2019,1.3333333333333333,3.12,10.0,92.7,98.9,40.0,30.7,3.12,7.2,384.0,Hatchback
86,2,2025-07-06 19:00:00,2025-07-06 20:30:00,48.895,2.395,48.91,2.41,12.9,0.9,7.6,0:80;3:85;6:90;9:88;12.9:82,90,80,8,6,2T1BURHE0JC048236,Hyundai,Elantra,2021,1.5,3.78,10.0,79.3,94.9,37.4,28.5,3.402,8.6,482.46,Sedan
87,10,2025-07-06 21:00:00,2025-07-06 22:20:00,35.725,139.735,35.74,139.75,9.0,0.0,5.8,0:270;2:275;5:280;7:278;9.0:272,280,270,8,6,2C3CDXBG3JH123456,Dodge,Charger,2021,1.3333333333333333,3.0,10.0,79.0,94.8,37.3,28.5,2.7,6.75,335.7,Sedan
89,1,2025-07-07 02:00:00,2025-07-07 03:10:00,52.56,13.445,52.575,13.46,9.6,0.0,6.3,0:135;2:140;5:145;8:143;9.6:137,145,135,8,6,1HGCM82633A004352,Toyota,Corolla,2022,1.1666666666666667,3.12,10.0,93.9,99.4,40.7,31.0,2.8080000000000003,8.228571428571428,390.72,Sedan
90,8,2025-07-07 04:00:00,2025-07-07 05:30:00,34.09,-118.275,34.105,-118.29,10.5,1.0,6.2,0:85;3:90;7:95;9:93;10.5:87,95,85,8,6,5YJSA1E26JF123456,Tesla,Model S,2023,1.5,3.3,10.0,77.2,93.3,36.8,28.3,3.3,7.0,386.4,unknown
92,11,2025-07-07 08:00:00,2025-07-07 09:10:00,55.8,37.61,55.81,37.625,9.4,0.0,5.7,0:60;2:65;4:70;7:68;9.4:62,70,60,8,6,3CZRU5H54JM123456,Honda,HR-V,2022,1.1666666666666667,3.08,10.0,86.9,97.5,38.6,29.3,3.3880000000000003,8.057142857142857,362.84,SUV
93,4,2025-07-07 10:00:00,2025-07-07 11:25:00,41.97,12.45,41.99,12.47,11.5,0.9,6.9,0:110;3:115;6:120;9:118;11.5:112,120,110,10,8,5YJ3E1EA7LF000111,Tesla,Model 3,2023,1.4166666666666667,3.8,10.0,76.3,92.7,36.7,27.8,3.8,8.117647058823529,422.05,unknown
94,18,2025-07-07 12:00:00,2025-07-07 13:10:00,52.59,13.44,52.61,13.46,10.0,0.0,6.5,0:140;2:145;5:150;8:148;10.0:142,150,140,8,6,1GNSKCKC0JR123456,Chevrolet,Tahoe,2023,1.1666666666666667,3.2,10.0,78.8,94.7,37.3,28.5,3.5200000000000005,8.571428571428571,373.0,SUV
96,13,2025-07-07 16:00:00,2025-07-07 17:20:00,40.78,-74.06,40.8,-74.075,13.3,0.0,8.2,0:90;3:95;7:100;10:98;13.3:92,100,90,10,8,JN1BJ1CR7JW123456,Nissan,Rogue,2023,1.3333333333333333,4.16,10.0,92.6,98.8,39.9,30.6,4.5760000000000005,9.975,530.67,SUV
97,9,2025-07-07 18:00:00,2025-07-07 19:10:00,51.56,-0.17,51.575,-0.185,10.7,0.8,6.6,0:110;2:115;5:120;8:118;10.7:112,120,110,8,6,1G1ZD5ST0JF123456,Chevrolet,Malibu,2020,1.1666666666666667,3.34,10.0,94.1,99.5,40.8,31.1,3.006,9.17142857142857,436.56,Sedan
98,15,2025-07-07 20:00:00,2025-07-07 21:30:00,48.9,2.41,48.915,2.425,12.3,0.0,7.9,0:80;3:85;6:90;9:88;12.3:82,90,80,8,6,KM8J33A44JU123456,Hyundai,Tucson,2022,1.5,3.66,10.0,85.6,97.0,38.2,29.1,4.026000000000001,8.200000000000001,469.86000000000007,SUV
99,17,2025-07-07 22:00:00,2025-07-07 23:10:00,35.74,139.75,35.755,139.765,9.7,0.7,6.2,0:275;2:280;5:285;7:283;9.7:277,285,275,8,6,5NPE24AF2JH123456,Hyundai,Sonata,2021,1.1666666666666667,3.14,10.0,93.5,99.2,40.3,30.9,2.826,8.314285714285713,390.91,Sedan
101,5,2025-07-08 02:00:00,2025-07-08 03:20:00,51.56,-0.18,51.575,-0.195,10.9,0.0,6.7,0:115;2:120;5:125;8:123;10.9:117,125,115,8,6,WAUZZZ8V6KA106789,Audi,A3,2019,1.3333333333333333,3.38,10.0,92.7,98.9,40.0,30.7,3.38,8.175,436.0,Hatchback
102,2,2025-07-08 04:00:00,2025-07-08 05:30:00,48.91,2.41,48.925,2.425,13.2,1.0,7.8,0:85;3:90;6:95;9:93;13.2:87,95,85,8,6,2T1BURHE0JC048236,Hyundai,Elantra,2021,1.5,3.84,10.0,79.3,94.9,37.4,28.5,3.456,8.799999999999999,493.68,Sedan
103,10,2025-07-08 06:00:00,2025-07-08 07:20:00,35.74,139.75,35.755,139.765,9.2,0.0,6.0,0:280;2:285;5:290;7:288;9.2:282,290,280,8,6,2C3CDXBG3JH123456,Dodge,Charger,2021,1.3333333333333333,3.04,10.0,79.0,94.8,37.3,28.5,2.736,6.9,343.16,Sedan
105,1,2025-07-08 10:00:00,2025-07-08 11:10:00,52.575,13.46,52.59,13.475,9.8,0.0,6.5,0:140;2:145;5:150;8:148;9.8:142,150,140,8,6,1HGCM82633A004352,Toyota,Corolla,2022,1.1666666666666667,3.16,10.0,93.9,99.4,40.7,31.0,2.8440000000000003,8.4,398.86000000000007,Sedan
106,8,2025-07-08 12:00:00,2025-07-08 13:30:00,34.105,-118.29,34.12,-118.305,10.7,1.1,6.3,0:90;3:95;7:100;9:98;10.7:92,100,90,8,6,5YJSA1E26JF123456,Tesla,Model S,2023,1.5,3.34,10.0,77.2,93.3,36.8,28.3,3.34,7.133333333333333,393.75999999999993,unknown
108,11,2025-07-08 16:00:00,2025-07-08 17:10:00,55.81,37.625,55.82,37.64,9.7,0.0,5.9,0:65;2:70;4:75;7:73;9.7:67,75,65,8,6,3CZRU5H54JM123456,Honda,HR-V,2022,1.1666666666666667,3.14,10.0,86.9,97.5,38.6,29.3,3.4540000000000006,8.314285714285713,374.42,SUV
109,4,2025-07-08 18:00:00,2025-07-08 19:25:00,41.99,12.47,42.01,12.49,11.8,1.0,7.1,0:115;3:120;6:125;9:123;11.8:117,125,115,10,8,5YJ3E1EA7LF000111,Tesla,Model 3,2023,1.4166666666666667,3.86,10.0,76.3,92.7,36.7,27.8,3.86,8.329411764705883,433.06000000000006,unknown
110,18,2025-07-08 20:00:00,2025-07-08 21:10:00,52.61,13.46,52.63,13.48,10.3,0.0,6.8,0:145;2:150;5:155;8:153;10.3:147,155,145,8,6,1GNSKCKC0JR123456,Chevrolet,Tahoe,2023,1.1666666666666667,3.26,10.0,78.8,94.7,37.3,28.5,3.586,8.82857142857143,384.19,SUV
112,13,2025-07-09 00:00:00,2025-07-09 01:20:00,40.8,-74.075,40.82,-74.09,13.5,0.0,8.4,0:95;3:100;7:105;10:103;13.5:97,105,95,10,8,JN1BJ1CR7JW123456,Nissan,Rogue,2023,1.3333333333333333,4.2,10.0,92.6,98.8,39.9,30.6,4.620000000000001,10.125,538.65,SUV
113,9,2025-07-09 02:00:00,2025-07-09 03:10:00,51.575,-0.185,51.59,-0.2,11.0,0.9,6.8,0:115;2:120;5:125;8:123;11.0:117,125,115,8,6,1G1ZD5ST0JF123456,Chevrolet,Malibu,2020,1.1666666666666667,3.4000000000000004,10.0,94.1,99.5,40.8,31.1,3.0600000000000005,9.428571428571429,448.8,Sedan
114,15,2025-07-09 04:00:00,2025-07-09 05:30:00,48.915,2.425,48.93,2.44,12.5,0.0,8.1,0:85;3:90;6:95;9:93;12.5:87,95,85,8,6,KM8J33A44JU123456,Hyundai,Tucson,2022,1.5,3.7,10.0,85.6,97.0,38.2,29.1,4.07,8.333333333333334,477.50000000000006,SUV
115,17,2025-07-09 06:00:00,2025-07-09 07:10:00,35.755,139.765,35.77,139.78,10.0,0.7,6.4,0:280;2:285;5:290;7:288;10.0:282,290,280,8,6,5NPE24AF2JH123456,Hyundai,Sonata,2021,1.1666666666666667,3.2,10.0,93.5,99.2,40.3,30.9,2.8800000000000003,8.571428571428571,403.0,Sedan
117,3,2025-07-09 10:00:00,2025-07-09 11:20:00,41.97,12.56,41.99,12.58,13.0,0.0,8.3,0:160;3:165;7:170;10:168;13.0:162,170,160,10,8,3FA6P0H73JR123456,Ford,Fusion,2020,1.3333333333333333,4.1,10.0,86.4,97.4,38.4,29.2,3.69,9.75,499.2,Sedan
118,16,2025-07-09 12:00:00,2025-07-09 13:30:00,52.575,13.46,52.59,13.475,11.5,1.1,6.7,0:135;3:140;6:145;9:143;11.5:137,145,135,8,6,WA1BNAFY0J2123456,Audi,Q5,2020,1.5,3.5,10.0,76.6,93.2,36.8,28.3,3.850000000000001,7.666666666666667,423.2,SUV
119,7,2025-07-09 14:00:00,2025-07-09 15:10:00,34.095,-118.285,34.11,-118.3,8.4,0.0,5.2,0:85;2:90;5:95;7:93;8.4:87,95,85,8,6,1FTFW1E50JFA12345,Ford,F-150,2021,1.1666666666666667,2.88,10.0,85.7,97.1,38.2,29.1,3.744,7.2,320.88000000000005,Truck
121,5,2025-07-09 18:00:00,2025-07-09 19:20:00,51.56,-0.18,51.575,-0.195,10.9,0.0,6.7,0:115;2:120;5:125;8:123;10.9:117,125,115,8,6,WAUZZZ8V6KA106789,Audi,A3,2019,1.3333333333333333,3.38,10.0,92.7,98.9,40.0,30.7,3.38,8.175,436.0,Hatchback
122,2,2025-07-09 20:00:00,2025-07-09 21:30:00,48.91,2.41,48.925,2.425,13.2,1.0,7.8,0:85;3:90;6:95;9:93;13.2:87,95,85,8,6,2T1BURHE0JC048236,Hyundai,Elantra,2021,1.5,3.84,10.0,79.3,94.9,37.4,28.5,3.456,8.799999999999999,493.68,Sedan
123,10,2025-07-09 22:00:00,2025-07-09 23:20:00,35.74,139.75,35.755,139.765,9.2,0.0,6.0,0:280;2:285;5:290;7:288;9.2:282,290,280,8,6,2C3CDXBG3JH123456,Dodge,Charger,2021,1.3333333333333333,3.04,10.0,79.0,94.8,37.3,28.5,2.736,6.9,343.16,Sedan
125,1,2025-07-10 02:00:00,2025-07-10 03:10:00,52.575,13.46,52.59,13.475,9.8,0.0,6.5,0:140;2:145;5:150;8:148;9.8:142,150,140,8,6,1HGCM82633A004352,Toyota,Corolla,2022,1.1666666666666667,3.16,10.0,93.9,99.4,40.7,31.0,2.8440000000000003,8.4,398.86000000000007,Sedan
126,8,2025-07-10 04:00:00,2025-07-10 05:30:00,34.12,-118.305,34.135,-118.32,10.9,1.2,6.5,0:95;3:100;7:105;9:103;10.9:97,105,95,8,6,5YJSA1E26JF123456,Tesla,Model S,2023,1.5,3.38,10.0,77.2,93.3,36.8,28.3,3.38,7.266666666666667,401.12,unknown
128,11,2025-07-10 08:00:00,2025-07-10 09:10:00,55.82,37.64,55.83,37.655,10.0,0.0,6.2,0:70;2:75;4:80;7:78;10.0:72,80,70,8,6,3CZRU5H54JM123456,Honda,HR-V,2022,1.1666666666666667,3.2,10.0,86.9,97.5,38.6,29.3,3.5200000000000005,8.571428571428571,386.0,SUV
129,4,2025-07-10 10:00:00,2025-07-10 11:25:00,42.01,12.49,42.03,12.51,12.1,1.1,7.3,0:120;3:125;6:130;9:128;12.1:122,130,120,10,8,5YJ3E1EA7LF000111,Tesla,Model 3,2023,1.4166666666666667,3.92,10.0,76.3,92.7,36.7,27.8,3.92,8.541176470588235,444.07,unknown
130,18,2025-07-10 12:00:00,2025-07-10 13:10:00,52.63,13.48,52.65,13.5,10.6,0.0,7.0,0:150;2:155;5:160;8:158;10.6:152,160,150,8,6,1GNSKCKC0JR123456,Chevrolet,Tahoe,2023,1.1666666666666667,3.3200000000000003,10.0,78.8,94.7,37.3,28.5,3.6520000000000006,9.085714285714284,395.38,SUV
132,13,2025-07-10 16:00:00,2025-07-10 17:20:00,40.82,-74.09,40.84,-74.105,13.7,0.0,8.6,0:100;3:105;7:110;10:108;13.7:102,110,100,10,8,JN1BJ1CR7JW123456,Nissan,Rogue,2023,1.3333333333333333,4.24,10.0,92.6,98.8,39.9,30.6,4.664000000000001,10.275,546.63,SUV
133,9,2025-07-10 18:00:00,2025-07-10 19:10:00,51.59,-0.2,51.605,-0.215,11.3,1.0,7.0,0:120;2:125;5:130;8:128;11.3:122,130,120,8,6,1G1ZD5ST0JF123456,Chevrolet,Malibu,2020,1.1666666666666667,3.46,10.0,94.1,99.5,40.8,31.1,3.114,9.685714285714283,461.04,Sedan
134,15,2025-07-10 20:00:00,2025-07-10 21:30:00,48.93,2.44,48.945,2.455,12.7,0.0,8.3,0:90;3:95;6:100;9:98;12.7:92,100,90,8,6,KM8J33A44JU123456,Hyundai,Tucson,2022,1.5,3.74,10.0,85.6,97.0,38.2,29.1,4.114000000000001,8.466666666666667,485.14,SUV
135,17,2025-07-10 22:00:00,2025-07-10 23:10:00,35.77,139.78,35.785,139.795,10.3,0.8,6.6,0:285;2:290;5:295;7:293;10.3:287,295,285,8,6,5NPE24AF2JH123456,Hyundai,Sonata,2021,1.1666666666666667,3.26,10.0,93.5,99.2,40.3,30.9,2.934,8.82857142857143,415.09,Sedan
137,3,2025-07-11 02:00:00,2025-07-11 03:20:00,41.99,12.58,42.01,12.6,13.2,0.0,8.5,0:165;3:170;7:175;10:173;13.2:167,175,165,10,8,3FA6P0H73JR123456,Ford,Fusion,2020,1.3333333333333333,4.140000000000001,10.0,86.4,97.4,38.4,29.2,3.726,9.9,506.88,Sedan
138,16,2025-07-11 04:00:00,2025-07-11 05:30:00,52.59,13.475,52.605,13.49,11.8,1.2,7.0,0:140;3:145;6:150;9:148;11.8:142,150,140,8,6,WA1BNAFY0J2123456,Audi,Q5,2020,1.5,3.5600000000000005,10.0,76.6,93.2,36.8,28.3,3.916000000000001,7.866666666666667,434.24,SUV
139,7,2025-07-11 06:00:00,2025-07-11 07:10:00,34.11,-118.3,34.125,-118.315,8.7,0.0,5.4,0:90;2:95;5:100;7:98;8.7:92,100,90,8,6,1FTFW1E50JFA12345,Ford,F-150,2021,1.1666666666666667,2.94,10.0,85.7,97.1,38.2,29.1,3.822,7.457142857142856,332.34,Truck
141,5,2025-07-11 10:00:00,2025-07-11 11:20:00,51.575,-0.195,51.59,-0.21,11.1,0.0,6.9,0:120;2:125;5:130;8:128;11.1:122,130,120,8,6,WAUZZZ8V6KA106789,Audi,A3,2019,1.3333333333333333,3.42,10.0,92.7,98.9,40.0,30.7,3.42,8.325000000000001,444.0,Hatchback
142,2,2025-07-11 12:00:00,2025-07-11 13:30:00,48.925,2.425,48.94,2.44,13.5,1.1,8.0,0:90;3:95;6:100;9:98;13.5:92,100,90,8,6,2T1BURHE0JC048236,Hyundai,Elantra,2021,1.5,3.9,10.0,79.3,94.9,37.4,28.5,3.51,9.0,504.9,Sedan
143,10,2025-07-11 14:00:00,2025-07-11 15:20:00,35.755,139.765,35.77,139.78,9.4,0.0,6.2,0:285;2:290;5:295;7:293;9.4:287,295,285,8,6,2C3CDXBG3JH123456,Dodge,Charger,2021,1.3333333333333333,3.08,10.0,79.0,94.8,37.3,28.5,2.772,7.050000000000001,350.62,Sedan
145,1,2025-07-11 18:00:00,2025-07-11 19:10:00,52.59,13.475,52.605,13.49,10.1,0.0,6.8,0:145;2:150;5:155;8:153;10.1:147,155,145,8,6,1HGCM82633A004352,Toyota,Corolla,2022,1.1666666666666667,3.22,10.0,93.9,99.4,40.7,31.0,2.898,8.657142857142857,411.07,Sedan
146,8,2025-07-11 20:00:00,2025-07-11 21:30:00,34.135,-118.32,34.15,-118.335,11.2,1.2,6.7,0:100;3:105;7:110;9:108;11.2:102,110,100,8,6,5YJSA1E26JF123456,Tesla,Model S,2023,1.5,3.4399999999999995,10.0,77.2,93.3,36.8,28.3,3.4399999999999995,7.466666666666666,412.16,unknown
148,11,2025-07-12 00:00:00,2025-07-12 01:10:00,55.83,37.655,55.84,37.67,10.3,0.0,6.5,0:75;2:80;4:85;7:83;10.3:77,85,75,8,6,3CZRU5H54JM123456,Honda,HR-V,2022,1.1666666666666667,3.26,10.0,86.9,97.5,38.6,29.3,3.586,8.82857142857143,397.58,SUV
149,4,2025-07-12 02:00:00,2025-07-12 03:25:00,42.03,12.51,42.05,12.53,12.4,1.2,7.5,0:125;3:130;6:135;9:133;12.4:127,135,125,10,8,5YJ3E1EA7LF000111,Tesla,Model 3,2023,1.4166666666666667,3.98,10.0,76.3,92.7,36.7,27.8,3.98,8.752941176470587,455.08,unknown
150,18,2025-07-12 04:00:00,2025-07-12 05:10:00,52.65,13.5,52.67,13.52,10.9,0.0,7.2,0:155;2:160;5:165;8:163;10.9:157,165,155,8,6,1GNSKCKC0JR123456,Chevrolet,Tahoe,2023,1.1666666666666667,3.38,10.0,78.8,94.7,37.3,28.5,3.718,9.342857142857143,406.57,SUV
151,5,2025-07-12 06:00:00,2025-07-12 07:20:00,51.59,-0.21,51.605,-0.225,11.4,0.0,7.1,0:125;2:130;5:135;8:133;11.4:127,135,125,8,6,WAUZZZ8V6KA106789,Audi,A3,2019,1.3333333333333333,3.4800000000000004,10.0,92.7,98.9,40.0,30.7,3.4800000000000004,8.55,456.0,Hatchback
152,2,2025-07-12 08:00:00,2025-07-12 09:30:00,48.94,2.44,48.955,2.455,13.8,1.2,8.2,0:95;3:100;6:105;9:103;13.8:97,105,95,8,6,2T1BURHE0JC048236,Hyundai,Elantra,2021,1.5,3.96,10.0,79.3,94.9,37.4,28.5,3.564,9.2,516.12,Sedan
153,10,2025-07-12 10:00:00,2025-07-12 11:20:00,35.77,139.78,35.785,139.795,9.6,0.0,6.4,0:290;2:295;5:300;7:298;9.6:292,300,290,8,6,2C3CDXBG3JH123456,Dodge,Charger,2021,1.3333333333333333,3.12,10.0,79.0,94.8,37.3,28.5,2.8080000000000003,7.2,358.08,Sedan
155,1,2025-07-12 14:00:00,2025-07-12 15:10:00,52.605,13.49,52.62,13.505,10.4,0.0,7.0,0:150;2:155;5:160;8:158;10.4:152,160,150,8,6,1HGCM82633A004352,Toyota,Corolla,2022,1.1666666666666667,3.28,10.0,93.9,99.4,40.7,31.0,2.952,8.914285714285715,423.28,Sedan
156,8,2025-07-12 16:00:00,2025-07-12 17:30:00,34.15,-118.335,34.165,-118.35,11.5,1.3,6.9,0:105;3:110;7:115;9:113;11.5:107,115,105,8,6,5YJSA1E26JF123456,Tesla,Model S,2023,1.5,3.5,10.0,77.2,93.3,36.8,28.3,3.5,7.666666666666667,423.2,unknown
158,11,2025-07-12 20:00:00,2025-07-12 21:10:00,55.84,37.67,55.85,37.685,10.6,0.0,6.7,0:80;2:85;4:90;7:88;10.6:82,90,80,8,6,3CZRU5H54JM123456,Honda,HR-V,2022,1.1666666666666667,3.3200000000000003,10.0,86.9,97.5,38.6,29.3,3.6520000000000006,9.085714285714284,409.16,SUV
159,4,2025-07-12 22:00:00,2025-07-12 23:25:00,42.05,12.53,42.07,12.55,12.7,1.3,7.7,0:130;3:135;6:140;9:138;12.7:132,140,130,10,8,5YJ3E1EA7LF000111,Tesla,Model 3,2023,1.4166666666666667,4.04,10.0,76.3,92.7,36.7,27.8,4.04,8.96470588235294,466.09,unknown
160,18,2025-07-13 00:00:00,2025-07-13 01:10:00,52.67,13.52,52.69,13.54,11.2,0.0,7.4,0:160;2:165;5:170;8:168;11.2:162,170,160,8,6,1GNSKCKC0JR123456,Chevrolet,Tahoe,2023,1.1666666666666667,3.4399999999999995,10.0,78.8,94.7,37.3,28.5,3.784,9.6,417.75999999999993,SUV
162,13,2025-07-13 04:00:00,2025-07-13 05:20:00,40.84,-74.105,40.86,-74.12,14.0,0.0,8.8,0:105;3:110;7:115;10:113;14.0:107,115,105,10,8,JN1BJ1CR7JW123456,Nissan,Rogue,2023,1.3333333333333333,4.300000000000001,10.0,92.6,98.8,39.9,30.6,4.730000000000001,10.5,558.6,SUV
163,9,2025-07-13 06:00:00,2025-07-13 07:10:00,51.605,-0.215,51.62,-0.23,11.6,1.1,7.2,0:125;2:130;5:135;8:133;11.6:127,135,125,8,6,1G1ZD5ST0JF123456,Chevrolet,Malibu,2020,1.1666666666666667,3.52,10.0,94.1,99.5,40.8,31.1,3.168,9.94285714285714,473.28,Sedan
164,15,2025-07-13 08:00:00,2025-07-13 09:30:00,48.945,2.455,48.96,2.47,13.0,0.0,8.5,0:95;3:100;6:105;9:103;13.0:97,105,95,8,6,KM8J33A44JU123456,Hyundai,Tucson,2022,1.5,3.8,10.0,85.6,97.0,38.2,29.1,4.18,8.666666666666666,496.6,SUV
165,17,2025-07-13 10:00:00,2025-07-13 11:10:00,35.785,139.795,35.8,139.81,10.6,0.9,6.8,0:290;2:295;5:300;7:298;10.6:292,300,290,8,6,5NPE24AF2JH123456,Hyundai,Sonata,2021,1.1666666666666667,3.3200000000000003,10.0,93.5,99.2,40.3,30.9,2.9880000000000004,9.085714285714284,427.18,Sedan
167,3,2025-07-13 14:00:00,2025-07-13 15:20:00,42.01,12.6,42.03,12.62,13.4,0.0,8.7,0:170;3:175;7:180;10:178;13.4:172,180,170,10,8,3FA6P0H73JR123456,Ford,Fusion,2020,1.3333333333333333,4.18,10.0,86.4,97.4,38.4,29.2,3.762,10.05,514.56,Sedan
168,16,2025-07-13 16:00:00,2025-07-13 17:30:00,52.605,13.49,52.62,13.505,12.1,1.3,7.2,0:145;3:150;6:155;9:153;12.1:147,155,145,8,6,WA1BNAFY0J2123456,Audi,Q5,2020,1.5,3.62,10.0,76.6,93.2,36.8,28.3,3.9820000000000007,8.066666666666666,445.28,SUV
169,7,2025-07-13 18:00:00,2025-07-13 19:10:00,34.125,-118.315,34.14,-118.33,8.9,0.0,5.6,0:95;2:100;5:105;7:103;8.9:97,105,95,8,6,1FTFW1E50JFA12345,Ford,F-150,2021,1.1666666666666667,2.9800000000000004,10.0,85.7,97.1,38.2,29.1,3.874000000000001,7.628571428571428,339.98,Truck
171,5,2025-07-13 22:00:00,2025-07-13 23:20:00,51.59,-0.21,51.605,-0.225,11.4,0.0,7.1,0:125;2:130;5:135;8:133;11.4:127,135,125,8,6,WAUZZZ8V6KA106789,Audi,A3,2019,1.3333333333333333,3.4800000000000004,10.0,92.7,98.9,40.0,30.7,3.4800000000000004,8.55,456.0,Hatchback
172,2,2025-07-14 00:00:00,2025-07-14 01:30:00,48.94,2.44,48.955,2.455,13.8,1.2,8.2,0:95;3:100;6:105;9:103;13.8:97,105,95,8,6,2T1BURHE0JC048236,Hyundai,Elantra,2021,1.5,3.96,10.0,79.3,94.9,37.4,28.5,3.564,9.2,516.12,Sedan
173,10,2025-07-14 02:00:00,2025-07-14 03:20:00,35.77,139.78,35.785,139.795,9.6,0.0,6.4,0:290;2:295;5:300;7:298;9.6:292,300,290,8,6,2C3CDXBG3JH123456,Dodge,Charger,2021,1.3333333333333333,3.12,10.0,79.0,94.8,37.3,28.5,2.8080000000000003,7.2,358.08,Sedan
175,1,2025-07-14 06:00:00,2025-07-14 07:10:00,52.605,13.49,52.62,13.505,10.4,0.0,7.0,0:150;2:155;5:160;8:158;10.4:152,160,150,8,6,1HGCM82633A004352,Toyota,Corolla,2022,1.1666666666666667,3.28,10.0,93.9,99.4,40.7,31.0,2.952,8.914285714285715,423.28,Sedan
176,8,2025-07-14 08:00:00,2025-07-14 09:30:00,34.165,-118.35,34.18,-118.365,11.8,1.4,7.1,0:110;3:115;7:120;9:118;11.8:112,120,110,8,6,5YJSA1E26JF123456,Tesla,Model S,2023,1.5,3.5600000000000005,10.0,77.2,93.3,36.8,28.3,3.5600000000000005,7.866666666666667,434.24,unknown
178,11,2025-07-14 12:00:00,2025-07-14 13:10:00,55.85,37.685,55.86,37.7,10.9,0.0,7.0,0:85;2:90;4:95;7:93;10.9:87,95,85,8,6,3CZRU5H54JM123456,Honda,HR-V,2022,1.1666666666666667,3.38,10.0,86.9,97.5,38.6,29.3,3.718,9.342857142857143,420.74,SUV
179,4,2025-07-14 14:00:00,2025-07-14 15:25:00,42.07,12.55,42.09,12.57,13.0,1.4,7.9,0:135;3:140;6:145;9:143;13.0:137,145,135,10,8,5YJ3E1EA7LF000111,Tesla,Model 3,2023,1.4166666666666667,4.1,10.0,76.3,92.7,36.7,27.8,4.1,9.176470588235292,477.1,unknown
180,18,2025-07-14 16:00:00,2025-07-14 17:10:00,52.69,13.54,52.71,13.56,11.5,0.0,7.6,0:165;2:170;5:175;8:173;11.5:167,175,165,8,6,1GNSKCKC0JR123456,Chevrolet,Tahoe,2023,1.1666666666666667,3.5,10.0,78.8,94.7,37.3,28.5,3.850000000000001,9.857142857142856,428.95,SUV
182,13,2025-07-14 20:00:00,2025-07-14 21:20:00,40.86,-74.12,40.88,-74.135,14.3,0.0,9.0,0:110;3:115;7:120;10:118;14.3:112,120,110,10,8,JN1BJ1CR7JW123456,Nissan,Rogue,2023,1.3333333333333333,4.36,10.0,92.6,98.8,39.9,30.6,4.796000000000001,10.725,570.57,SUV
183,9,2025-07-14 22:00:00,2025-07-14 23:10:00,51.62,-0.23,51.635,-0.245,11.9,1.2,7.4,0:130;2:135;5:140;8:138;11.9:132,140,130,8,6,1G1ZD5ST0JF123456,Chevrolet,Malibu,2020,1.1666666666666667,3.58,10.0,94.1,99.5,40.8,31.1,3.222,10.2,485.52,Sedan
184,15,2025-07-15 00:00:00,2025-07-15 01:30:00,48.96,2.47,48.975,2.485,13.3,0.0,8.7,0:100;3:105;6:110;9:108;13.3:102,110,100,8,6,KM8J33A44JU123456,Hyundai,Tucson,2022,1.5,3.86,10.0,85.6,97.0,38.2,29.1,4.246,8.866666666666667,508.06000000000006,SUV
185,17,2025-07-15 02:00:00,2025-07-15 03:10:00,35.8,139.81,35.815,139.825,10.9,1.0,7.0,0:295;2:300;5:305;7:303;10.9:297,305,295,8,6,5NPE24AF2JH123456,Hyundai,Sonata,2021,1.1666666666666667,3.38,10.0,93.5,99.2,40.3,30.9,3.042,9.342857142857143,439.27,Sedan
187,3,2025-07-15 06:00:00,2025-07-15 07:20:00,42.03,12.62,42.05,12.64,13.6,0.0,8.9,0:175;3:180;7:185;10:183;13.6:177,185,175,10,8,3FA6P0H73JR123456,Ford,Fusion,2020,1.3333333333333333,4.220000000000001,10.0,86.4,97.4,38.4,29.2,3.798000000000001,10.2,522.24,Sedan
188,16,2025-07-15 08:00:00,2025-07-15 09:30:00,52.62,13.505,52.635,13.52,12.4,1.4,7.4,0:150;3:155;6:160;9:158;12.4:152,160,150,8,6,WA1BNAFY0J2123456,Audi,Q5,2020,1.5,3.6800000000000006,10.0,76.6,93.2,36.8,28.3,4.048000000000001,8.266666666666667,456.32,SUV
189,7,2025-07-15 10:00:00,2025-07-15 11:10:00,34.14,-118.33,34.155,-118.345,9.2,0.0,5.8,0:100;2:105;5:110;7:108;9.2:102,110,100,8,6,1FTFW1E50JFA12345,Ford,F-150,2021,1.1666666666666667,3.04,10.0,85.7,97.1,38.2,29.1,3.952,7.885714285714284,351.44,Truck
191,5,2025-07-15 14:00:00,2025-07-15 15:20:00,51.605,-0.225,51.62,-0.24,11.6,0.0,7.3,0:130;2:135;5:140;8:138;11.6:132,140,130,8,6,WAUZZZ8V6KA106789,Audi,A3,2019,1.3333333333333333,3.52,10.0,92.7,98.9,40.0,30.7,3.52,8.700000000000001,464.0,Hatchback
192,2,2025-07-15 16:00:00,2025-07-15 17:30:00,48.955,2.455,48.97,2.47,14.1,1.3,8.4,0:100;3:105;6:110;9:108;14.1:102,110,100,8,6,2T1BURHE0JC048236,Hyundai,Elantra,2021,1.5,4.0200000000000005,10.0,79.3,94.9,37.4,28.5,3.618,9.4,527.3399999999999,Sedan
193,10,2025-07-15 18:00:00,2025-07-15 19:20:00,35.785,139.795,35.8,139.81,9.8,0.0,6.6,0:295;2:300;5:305;7:303;9.8:297,305,295,8,6,2C3CDXBG3JH123456,Dodge,Charger,2021,1.3333333333333333,3.16,10.0,79.0,94.8,37.3,28.5,2.8440000000000003,7.35,365.54,Sedan
195,1,2025-07-15 22:00:00,2025-07-15 23:10:00,52.62,13.505,52.635,13.52,10.7,0.0,7.2,0:155;2:160;5:165;8:163;10.7:157,165,155,8,6,1HGCM82633A004352,Toyota,Corolla,2022,1.1666666666666667,3.34,10.0,93.9,99.4,40.7,31.0,3.006,9.17142857142857,435.49,Sedan
196,8,2025-07-16 00:00:00,2025-07-16 01:30:00,34.18,-118.365,34.195,-118.38,12.1,1.5,7.3,0:115;3:120;7:125;9:123;12.1:117,125,115,8,6,5YJSA1E26JF123456,Tesla,Model S,2023,1.5,3.62,10.0,77.2,93.3,36.8,28.3,3.62,8.066666666666666,445.28,unknown
198,11,2025-07-16 04:00:00,2025-07-16 05:10:00,55.86,37.7,55.87,37.715,11.2,0.0,7.3,0:90;2:95;4:100;7:98;11.2:92,100,90,8,6,3CZRU5H54JM123456,Honda,HR-V,2022,1.1666666666666667,3.4399999999999995,10.0,86.9,97.5,38.6,29.3,3.784,9.6,432.32,SUV
199,4,2025-07-16 06:00:00,2025-07-16 07:25:00,42.09,12.57,42.11,12.59,13.3,1.5,8.1,0:140;3:145;6:150;9:148;13.3:142,150,140,10,8,5YJ3E1EA7LF000111,Tesla,Model 3,2023,1.4166666666666667,4.16,10.0,76.3,92.7,36.7,27.8,4.16,9.388235294117647,488.11000000000007,unknown
200,18,2025-07-16 08:00:00,2025-07-16 09:10:00,52.71,13.56,52.73,13.58,11.8,0.0,7.8,0:170;2:175;5:180;8:178;11.8:172,180,170,8,6,1GNSKCKC0JR123456,Chevrolet,Tahoe,2023,1.1666666666666667,3.5600000000000005,10.0,78.8,94.7,37.3,28.5,3.916000000000001,10.114285714285714,440.14,SUV
202,13,2025-07-16 12:00:00,2025-07-16 13:20:00,40.88,-74.135,40.9,-74.15,14.6,0.0,9.2,0:115;3:120;7:125;10:123;14.6:117,125,115,10,8,JN1BJ1CR7JW123456,Nissan,Rogue,2023,1.3333333333333333,4.42,10.0,92.6,98.8,39.9,30.6,4.862,10.95,582.54,SUV
203,9,2025-07-16 14:00:00,2025-07-16 15:10:00,51.635,-0.245,51.65,-0.26,12.2,1.3,7.6,0:135;2:140;5:145;8:143;12.2:137,145,135,8,6,1G1ZD5ST0JF123456,Chevrolet,Malibu,2020,1.1666666666666667,3.64,10.0,94.1,99.5,40.8,31.1,3.276,10.457142857142856,497.75999999999993,Sedan
204,15,2025-07-16 16:00:00,2025-07-16 17:30:00,48.975,2.485,48.99,2.5,13.6,0.0,8.9,0:105;3:110;6:115;9:113;13.6:107,115,105,8,6,KM8J33A44JU123456,Hyundai,Tucson,2022,1.5,3.92,10.0,85.6,97.0,38.2,29.1,4.312,9.066666666666666,519.52,SUV
205,17,2025-07-16 18:00:00,2025-07-16 19:10:00,35.815,139.825,35.83,139.84,11.2,1.1,7.2,0:300;2:305;5:310;7:308;11.2:302,310,300,8,6,5NPE24AF2JH123456,Hyundai,Sonata,2021,1.1666666666666667,3.4399999999999995,10.0,93.5,99.2,40.3,30.9,3.096,9.6,451.36,Sedan
207,3,2025-07-16 22:00:00,2025-07-16 23:20:00,42.05,12.64,42.07,12.66,13.8,0.0,9.1,0:180;3:185;7:190;10:188;13.8:182,190,180,10,8,3FA6P0H73JR123456,Ford,Fusion,2020,1.3333333333333333,4.26,10.0,86.4,97.4,38.4,29.2,3.834,10.35,529.92,Sedan
208,16,2025-07-17 00:00:00,2025-07-17 01:30:00,52.635,13.52,52.65,13.535,12.7,1.5,7.6,0:155;3:160;6:165;9:163;12.7:157,165,155,8,6,WA1BNAFY0J2123456,Audi,Q5,2020,1.5,3.74,10.0,76.6,93.2,36.8,28.3,4.114000000000001,8.466666666666667,467.36,SUV
209,7,2025-07-17 02:00:00,2025-07-17 03:10:00,34.155,-118.345,34.17,-118.36,9.5,0.0,6.0,0:105;2:110;5:115;7:113;9.5:107,115,105,8,6,1FTFW1E50JFA12345,Ford,F-150,2021,1.1666666666666667,3.1,10.0,85.7,97.1,38.2,29.1,4.03,8.142857142857142,362.9,Truck
211,5,2025-07-17 06:00:00,2025-07-17 07:20:00,51.62,-0.24,51.635,-0.255,11.8,0.0,7.5,0:135;2:140;5:145;8:143;11.8:137,145,135,8,6,WAUZZZ8V6KA106789,Audi,A3,2019,1.3333333333333333,3.5600000000000005,10.0,92.7,98.9,40.0,30.7,3.5600000000000005,8.850000000000001,472.0,Hatchback
212,2,2025-07-17 08:00:00,2025-07-17 09:30:00,48.97,2.47,48.985,2.485,14.4,1.4,8.6,0:105;3:110;6:115;9:113;14.4:107,115,105,8,6,2T1BURHE0JC048236,Hyundai,Elantra,2021,1.5,4.08,10.0,79.3,94.9,37.4,28.5,3.672,9.6,538.56,Sedan
213,10,2025-07-17 10:00:00,2025-07-17 11:20:00,35.8,139.81,35.815,139.825,10.1,0.0,6.8,0:300;2:305;5:310;7:308;10.1:302,310,300,8,6,2C3CDXBG3JH123456,Dodge,Charger,2021,1.3333333333333333,3.22,10.0,79.0,94.8,37.3,28.5,2.898,7.575,376.73,Sedan
215,1,2025-07-17 14:00:00,2025-07-17 15:10:00,52.635,13.52,52.65,13.535,11.0,0.0,7.4,0:160;2:165;5:170;8:168;11.0:162,170,160,8,6,1HGCM82633A004352,Toyota,Corolla,2022,1.1666666666666667,3.4000000000000004,10.0,93.9,99.4,40.7,31.0,3.0600000000000005,9.428571428571429,447.7000000000001,Sedan
216,8,2025-07-17 16:00:00,2025-07-17 17:30:00,34.195,-118.38,34.21,-118.395,12.4,1.6,7.5,0:120;3:125;7:130;9:128;12.4:122,130,120,8,6,5YJSA1E26JF123456,Tesla,Model S,2023,1.5,3.6800000000000006,10.0,77.2,93.3,36.8,28.3,3.6800000000000006,8.266666666666667,456.32,unknown
218,11,2025-07-17 20:00:00,2025-07-17 21:10:00,55.87,37.715,55.88,37.73,11.5,0.0,7.5,0:95;2:100;4:105;7:103;11.5:97,105,95,8,6,3CZRU5H54JM123456,Honda,HR-V,2022,1.1666666666666667,3.5,10.0,86.9,97.5,38.6,29.3,3.850000000000001,9.857142857142856,443.9,SUV
219,4,2025-07-17 22:00:00,2025-07-17 23:25:00,42.11,12.59,42.13,12.61,13.6,1.6,8.3,0:145;3:150;6:155;9:153;13.6:147,155,145,10,8,5YJ3E1EA7LF000111,Tesla,Model 3,2023,1.4166666666666667,4.220000000000001,10.0,76.3,92.7,36.7,27.8,4.220000000000001,9.6,499.12,unknown
220,18,2025-07-18 00:00:00,2025-07-18 01:10:00,52.73,13.58,52.75,13.6,12.1,0.0,8.0,0:175;2:180;5:185;8:183;12.1:177,185,175,8,6,1GNSKCKC0JR123456,Chevrolet,Tahoe,2023,1.1666666666666667,3.62,10.0,78.8,94.7,37.3,28.5,3.9820000000000007,10.37142857142857,451.3299999999999,SUV
222,13,2025-07-18 04:00:00,2025-07-18 05:20:00,40.9,-74.15,40.92,-74.165,14.9,0.0,9.4,0:120;3:125;7:130;10:128;14.9:122,130,120,10,8,JN1BJ1CR7JW123456,Nissan,Rogue,2023,1.3333333333333333,4.48,10.0,92.6,98.8,39.9,30.6,4.928000000000001,11.175,594.51,SUV
223,9,2025-07-18 06:00:00,2025-07-18 07:10:00,51.65,-0.26,51.665,-0.275,12.5,1.4,7.8,0:140;2:145;5:150;8:148;12.5:142,150,140,8,6,1G1ZD5ST0JF123456,Chevrolet,Malibu,2020,1.1666666666666667,3.7,10.0,94.1,99.5,40.8,31.1,3.33,10.714285714285714,510.0,Sedan
224,15,2025-07-18 08:00:00,2025-07-18 09:30:00,48.99,2.5,49.005,2.515,14.2,0.0,9.1,0:110;3:115;6:120;9:118;14.2:112,120,110,8,6,KM8J33A44JU123456,Hyundai,Tucson,2022,1.5,4.04,10.0,85.6,97.0,38.2,29.1,4.444000000000001,9.466666666666669,542.44,SUV
225,17,2025-07-18 10:00:00,2025-07-18 11:10:00,35.83,139.84,35.845,139.855,11.5,1.2,7.4,0:305;2:310;5:315;7:313;11.5:307,315,305,8,6,5NPE24AF2JH123456,Hyundai,Sonata,2021,1.1666666666666667,3.5,10.0,93.5,99.2,40.3,30.9,3.15,9.857142857142856,463.45,Sedan
226,13,2025-07-18 12:00:00,2025-07-18 13:20:00,40.92,-74.165,40.94,-74.18,15.2,0.0,9.6,0:125;3:130;7:135;10:133;15.2:127,135,125,10,8,JN1BJ1CR7JW123456,Nissan,Rogue,2023,1.3333333333333333,4.54,10.0,92.6,98.8,39.9,30.6,4.994000000000001,11.4,606.4799999999999,SUV
227,9,2025-07-18 14:00:00,2025-07-18 15:10:00,51.665,-0.275,51.68,-0.29,12.8,1.5,8.0,0:145;2:150;5:155;8:153;12.8:147,155,145,8,6,1G1ZD5ST0JF123456,Chevrolet,Malibu,2020,1.1666666666666667,3.7600000000000007,10.0,94.1,99.5,40.8,31.1,3.384000000000001,10.971428571428572,522.24,Sedan
228,15,2025-07-18 16:00:00,2025-07-18 17:30:00,49.005,2.515,49.02,2.53,14.5,0.0,9.3,0:115;3:120;6:125;9:123;14.5:117,125,115,8,6,KM8J33A44JU123456,Hyundai,Tucson,2022,1.5,4.1000000000000005,10.0,85.6,97.0,38.2,29.1,4.510000000000001,9.666666666666666,553.9000000000001,SUV
229,17,2025-07-18 18:00:00,2025-07-18 19:10:00,35.845,139.855,35.86,139.87,11.8,1.3,7.6,0:310;2:315;5:320;7:318;11.8:312,320,310,8,6,5NPE24AF2JH123456,Hyundai,Sonata,2021,1.1666666666666667,3.5600000000000005,10.0,93.5,99.2,40.3,30.9,3.2040000000000006,10.114285714285714,475.54,Sedan
231,3,2025-07-18 22:00:00,2025-07-18 23:20:00,42.07,12.66,42.09,12.68,14.1,0.0,9.3,0:185;3:190;7:195;10:193;14.1:187,195,185,10,8,3FA6P0H73JR123456,Ford,Fusion,2020,1.3333333333333333,4.32,10.0,86.4,97.4,38.4,29.2,3.888,10.575,541.4399999999999,Sedan
232,16,2025-07-19 00:00:00,2025-07-19 01:30:00,52.65,13.535,52.665,13.55,13.0,1.6,7.8,0:160;3:165;6:170;9:168;13.0:162,170,160,8,6,WA1BNAFY0J2123456,Audi,Q5,2020,1.5,3.8,10.0,76.6,93.2,36.8,28.3,4.18,8.666666666666666,478.4,SUV
233,7,2025-07-19 02:00:00,2025-07-19 03:10:00,34.17,-118.36,34.185,-118.375,9.8,0.0,6.2,0:110;2:115;5:120;7:118;9.8:112,120,110,8,6,1FTFW1E50JFA12345,Ford,F-150,2021,1.1666666666666667,3.16,10.0,85.7,97.1,38.2,29.1,4.1080000000000005,8.4,374.36000000000007,Truck
235,5,2025-07-19 06:00:00,2025-07-19 07:20:00,51.635,-0.255,51.65,-0.27,12.1,0.0,7.7,0:140;2:145;5:150;8:148;12.1:142,150,140,8,6,WAUZZZ8V6KA106789,Audi,A3,2019,1.3333333333333333,3.62,10.0,92.7,98.9,40.0,30.7,3.62,9.075,484.0,Hatchback
236,2,2025-07-19 08:00:00,2025-07-19 09:30:00,48.985,2.485,49.0,2.5,14.7,1.5,8.8,0:110;3:115;6:120;9:118;14.7:112,120,110,8,6,2T1BURHE0JC048236,Hyundai,Elantra,2021,1.5,4.14,10.0,79.3,94.9,37.4,28.5,3.726,9.8,549.78,Sedan
237,10,2025-07-19 10:00:00,2025-07-19 11:20:00,35.815,139.825,35.83,139.84,10.4,0.0,7.0,0:305;2:310;5:315;7:313;10.4:307,315,305,8,6,2C3CDXBG3JH123456,Dodge,Charger,2021,1.3333333333333333,3.28,10.0,79.0,94.8,37.3,28.5,2.952,7.800000000000001,387.92,Sedan
239,1,2025-07-19 14:00:00,2025-07-19 15:10:00,52.65,13.535,52.665,13.55,11.3,0.0,7.6,0:170;2:175;5:180;8:178;11.3:172,180,170,8,6,1HGCM82633A004352,Toyota,Corolla,2022,1.1666666666666667,3.46,10.0,93.9,99.4,40.7,31.0,3.114,9.685714285714283,459.9100000000001,Sedan
240,8,2025-07-19 16:00:00,2025-07-19 17:30:00,34.21,-118.395,34.225,-118.41,12.7,1.7,7.7,0:125;3:130;7:135;9:133;12.7:127,135,125,8,6,5YJSA1E26JF123456,Tesla,Model S,2023,1.5,3.74,10.0,77.2,93.3,36.8,28.3,3.74,8.466666666666667,467.36,unknown
242,11,2025-07-19 20:00:00,2025-07-19 21:10:00,55.88,37.73,55.89,37.745,11.8,0.0,7.7,0:100;2:105;4:110;7:108;11.8:102,110,100,8,6,3CZRU5H54JM123456,Honda,HR-V,2022,1.1666666666666667,3.5600000000000005,10.0,86.9,97.5,38.6,29.3,3.916000000000001,10.114285714285714,455.48,SUV
243,4,2025-07-19 22:00:00,2025-07-19 23:25:00,42.13,12.61,42.15,12.63,13.9,1.7,8.5,0:150;3:155;6:160;9:158;13.9:152,160,150,10,8,5YJ3E1EA7LF000111,Tesla,Model 3,2023,1.4166666666666667,4.28,10.0,76.3,92.7,36.7,27.8,4.28,9.811764705882352,510.13000000000005,unknown
244,18,2025-07-20 00:00:00,2025-07-20 01:10:00,52.75,13.6,52.77,13.62,12.4,0.0,8.2,0:180;2:185;5:190;8:188;12.4:182,190,180,8,6,1GNSKCKC0JR123456,Chevrolet,Tahoe,2023,1.1666666666666667,3.6800000000000006,10.0,78.8,94.7,37.3,28.5,4.048000000000001,10.628571428571428,462.52,SUV
246,13,2025-07-20 04:00:00,2025-07-20 05:20:00,40.94,-74.18,40.96,-74.195,15.5,0.0,9.8,0:130;3:135;7:140;10:138;15.5:132,140,130,10,8,JN1BJ1CR7JW123456,Nissan,Rogue,2023,1.3333333333333333,4.6,10.0,92.6,98.8,39.9,30.6,5.06,11.625,618.4499999999999,SUV
247,9,2025-07-20 06:00:00,2025-07-20 07:10:00,51.68,-0.29,51.695,-0.305,13.1,1.6,8.2,0:150;2:155;5:160;8:158;13.1:152,160,150,8,6,1G1ZD5ST0JF123456,Chevrolet,Malibu,2020,1.1666666666666667,3.82,10.0,94.1,99.5,40.8,31.1,3.438,11.228571428571428,534.4799999999999,Sedan
248,15,2025-07-20 08:00:00,2025-07-20 09:30:00,49.02,2.53,49.035,2.545,14.8,0.0,9.5,0:120;3:125;6:130;9:128;14.8:122,130,120,8,6,KM8J33A44JU123456,Hyundai,Tucson,2022,1.5,4.16,10.0,85.6,97.0,38.2,29.1,4.5760000000000005,9.866666666666667,565.36,SUV
249,17,2025-07-20 10:00:00,2025-07-20 11:10:00,35.86,139.87,35.875,139.885,12.1,1.4,7.8,0:315;2:320;5:325;7:323;12.1:317,325,315,8,6,5NPE24AF2JH123456,Hyundai,Sonata,2021,1.1666666666666667,3.62,10.0,93.5,99.2,40.3,30.9,3.258,10.37142857142857,487.63,Sedan
251,3,2025-07-20 14:00:00,2025-07-20 15:20:00,42.09,12.68,42.11,12.7,14.4,0.0,9.5,0:190;3:195;7:200;10:198;14.4:192,200,190,10,8,3FA6P0H73JR123456,Ford,Fusion,2020,1.3333333333333333,4.380000000000001,10.0,86.4,97.4,38.4,29.2,3.9420000000000006,10.8,552.96,Sedan
252,16,2025-07-20 16:00:00,2025-07-20 17:30:00,52.665,13.55,52.68,13.565,13.3,1.7,8.0,0:165;3:170;6:175;9:173;13.3:167,175,165,8,6,WA1BNAFY0J2123456,Audi,Q5,2020,1.5,3.86,10.0,76.6,93.2,36.8,28.3,4.246,8.866666666666667,489.44,SUV
253,7,2025-07-20 18:00:00,2025-07-20 19:10:00,34.185,-118.375,34.2,-118.39,10.1,0.0,6.4,0:115;2:120;5:125;7:123;10.1:117,125,115,8,6,1FTFW1E50JFA12345,Ford,F-150,2021,1.1666666666666667,3.22,10.0,85.7,97.1,38.2,29.1,4.186000000000001,8.657142857142857,385.82,Truck
255,5,2025-07-20 22:00:00,2025-07-20 23:20:00,51.65,-0.27,51.665,-0.285,12.4,0.0,7.9,0:145;2:150;5:155;8:153;12.4:147,155,145,8,6,WAUZZZ8V6KA106789,Audi,A3,2019,1.3333333333333333,3.6800000000000006,10.0,92.7,98.9,40.0,30.7,3.6800000000000006,9.3,496.0,Hatchback
256,2,2025-07-21 00:00:00,2025-07-21 01:30:00,49.0,2.5,49.015,2.515,15.0,1.6,9.0,0:115;3:120;6:125;9:123;15.0:117,125,115,8,6,2T1BURHE0JC048236,Hyundai,Elantra,2021,1.5,4.2,10.0,79.3,94.9,37.4,28.5,3.78,10.0,561.0,Sedan
257,10,2025-07-21 02:00:00,2025-07-21 03:20:00,35.83,139.84,35.845,139.855,10.7,0.0,7.2,0:310;2:315;5:320;7:318;10.7:312,320,310,8,6,2C3CDXBG3JH123456,Dodge,Charger,2021,1.3333333333333333,3.34,10.0,79.0,94.8,37.3,28.5,3.006,8.025,399.11,Sedan
259,1,2025-07-21 06:00:00,2025-07-21 07:10:00,52.665,13.55,52.68,13.565,11.6,0.0,7.8,0:175;2:180;5:185;8:183;11.6:177,185,175,8,6,1HGCM82633A004352,Toyota,Corolla,2022,1.1666666666666667,3.52,10.0,93.9,99.4,40.7,31.0,3.168,9.94285714285714,472.12,Sedan
260,8,2025-07-21 08:00:00,2025-07-21 09:30:00,34.225,-118.41,34.24,-118.425,13.0,1.8,7.9,0:130;3:135;7:140;9:138;13.0:132,140,130,8,6,5YJSA1E26JF123456,Tesla,Model S,2023,1.5,3.8,10.0,77.2,93.3,36.8,28.3,3.8,8.666666666666666,478.4,unknown
262,11,2025-07-21 12:00:00,2025-07-21 13:10:00,55.89,37.745,55.9,37.76,12.1,0.0,7.9,0:105;2:110;4:115;7:113;12.1:107,115,105,8,6,3CZRU5H54JM123456,Honda,HR-V,2022,1.1666666666666667,3.62,10.0,86.9,97.5,38.6,29.3,3.9820000000000007,10.37142857142857,467.06,SUV
263,4,2025-07-21 14:00:00,2025-07-21 15:25:00,42.15,12.63,42.17,12.65,14.2,1.8,8.7,0:155;3:160;6:165;9:163;14.2:157,165,155,10,8,5YJ3E1EA7LF000111,Tesla,Model 3,2023,1.4166666666666667,4.34,10.0,76.3,92.7,36.7,27.8,4.34,10.023529411764704,521.14,unknown
264,18,2025-07-21 16:00:00,2025-07-21 17:10:00,52.77,13.62,52.79,13.64,12.7,0.0,8.4,0:185;2:190;5:195;8:193;12.7:187,195,185,8,6,1GNSKCKC0JR123456,Chevrolet,Tahoe,2023,1.1666666666666667,3.74,10.0,78.8,94.7,37.3,28.5,4.114000000000001,10.885714285714284,473.7099999999999,SUV
266,13,2025-07-21 20:00:00,2025-07-21 21:20:00,40.96,-74.195,40.98,-74.21,15.8,0.0,10.0,0:135;3:140;7:145;10:143;15.8:137,145,135,10,8,JN1BJ1CR7JW123456,Nissan,Rogue,2023,1.3333333333333333,4.66,10.0,92.6,98.8,39.9,30.6,5.126,11.85,630.42,SUV
267,9,2025-07-21 22:00:00,2025-07-21 23:10:00,51.695,-0.305,51.71,-0.32,13.4,1.7,8.4,0:155;2:160;5:165;8:163;13.4:157,165,155,8,6,1G1ZD5ST0JF123456,Chevrolet,Malibu,2020,1.1666666666666667,3.88,10.0,94.1,99.5,40.8,31.1,3.492,11.485714285714286,546.72,Sedan
268,15,2025-07-22 00:00:00,2025-07-22 01:30:00,49.035,2.545,49.05,2.56,15.1,0.0,9.7,0:125;3:130;6:135;9:133;15.1:127,135,125,8,6,KM8J33A44JU123456,Hyundai,Tucson,2022,1.5,4.22,10.0,85.6,97.0,38.2,29.1,4.642,10.066666666666666,576.82,SUV
269,17,2025-07-22 02:00:00,2025-07-22 03:10:00,35.875,139.885,35.89,139.9,12.4,1.5,8.0,0:320;2:325;5:330;7:328;12.4:322,330,320,8,6,5NPE24AF2JH123456,Hyundai,Sonata,2021,1.1666666666666667,3.6800000000000006,10.0,93.5,99.2,40.3,30.9,3.3120000000000007,10.628571428571428,499.72,Sedan
271,3,2025-07-22 06:00:00,2025-07-22 07:20:00,42.11,12.7,42.13,12.72,14.7,0.0,9.7,0:195;3:200;7:205;10:203;14.7:197,205,195,10,8,3FA6P0H73JR123456,Ford,Fusion,2020,1.3333333333333333,4.44,10.0,86.4,97.4,38.4,29.2,3.996,11.025,564.4799999999999,Sedan
272,16,2025-07-22 08:00:00,2025-07-22 09:30:00,52.68,13.565,52.695,13.58,13.6,1.8,8.2,0:170;3:175;6:180;9:178;13.6:172,180,170,8,6,WA1BNAFY0J2123456,Audi,Q5,2020,1.5,3.92,10.0,76.6,93.2,36.8,28.3,4.312,9.066666666666666,500.48,SUV
273,7,2025-07-22 10:00:00,2025-07-22 11:10:00,34.2,-118.39,34.215,-118.405,10.4,0.0,6.6,0:120;2:125;5:130;7:128;10.4:122,130,120,8,6,1FTFW1E50JFA12345,Ford,F-150,2021,1.1666666666666667,3.28,10.0,85.7,97.1,38.2,29.1,4.264,8.914285714285715,397.28,Truck
275,5,2025-07-22 14:00:00,2025-07-22 15:20:00,51.65,-0.27,51.665,-0.285,12.4,0.0,7.9,0:145;2:150;5:155;8:153;12.4:147,155,145,8,6,WAUZZZ8V6KA106789,Audi,A3,2019,1.3333333333333333,3.6800000000000006,10.0,92.7,98.9,40.0,30.7,3.6800000000000006,9.3,496.0,Hatchback
276,18,2025-07-22 16:00:00,2025-07-22 17:10:00,52.79,13.64,52.81,13.66,13.0,0.0,8.6,0:190;2:195;5:200;8:198;13.0:192,200,190,8,6,1GNSKCKC0JR123456,Chevrolet,Tahoe,2023,1.1666666666666667,3.8,10.0,78.8,94.7,37.3,28.5,4.18,11.142857142857142,484.9,SUV
278,13,2025-07-22 20:00:00,2025-07-22 21:20:00,40.98,-74.21,41.0,-74.225,16.1,0.0,10.2,0:140;3:145;7:150;10:148;16.1:142,150,140,10,8,JN1BJ1CR7JW123456,Nissan,Rogue,2023,1.3333333333333333,4.720000000000001,10.0,92.6,98.8,39.9,30.6,5.192000000000001,12.075,642.39,SUV
279,9,2025-07-22 22:00:00,2025-07-22 23:10:00,51.71,-0.32,51.725,-0.335,13.7,1.8,8.6,0:160;2:165;5:170;8:168;13.7:162,170,160,8,6,1G1ZD5ST0JF123456,Chevrolet,Malibu,2020,1.1666666666666667,3.94,10.0,94.1,99.5,40.8,31.1,3.546,11.742857142857142,558.9599999999999,Sedan
280,15,2025-07-23 00:00:00,2025-07-23 01:30:00,49.05,2.56,49.065,2.575,15.4,0.0,10.0,0:130;3:135;6:140;9:138;15.4:132,140,130,8,6,KM8J33A44JU123456,Hyundai,Tucson,2022,1.5,4.28,10.0,85.6,97.0,38.2,29.1,4.708000000000001,10.266666666666667,588.2800000000001,SUV
281,17,2025-07-23 02:00:00,2025-07-23 03:10:00,35.89,139.9,35.905,139.915,12.7,1.6,8.2,0:325;2:330;5:335;7:333;12.7:327,335,325,8,6,5NPE24AF2JH123456,Hyundai,Sonata,2021,1.1666666666666667,3.74,10.0,93.5,99.2,40.3,30.9,3.366,10.885714285714284,511.81,Sedan
283,3,2025-07-23 06:00:00,2025-07-23 07:20:00,42.13,12.72,42.15,12.74,15.0,0.0,10.0,0:200;3:205;7:210;10:208;15.0:202,210,200,10,8,3FA6P0H73JR123456,Ford,Fusion,2020,1.3333333333333333,4.5,10.0,86.4,97.4,38.4,29.2,4.05,11.25,576.0,Sedan
284,16,2025-07-23 08:00:00,2025-07-23 09:30:00,52.695,13.58,52.71,13.595,13.9,1.9,8.4,0:175;3:180;6:185;9:183;13.9:177,185,175,8,6,WA1BNAFY0J2123456,Audi,Q5,2020,1.5,3.98,10.0,76.6,93.2,36.8,28.3,4.378,9.266666666666667,511.52,SUV
285,7,2025-07-23 10:00:00,2025-07-23 11:10:00,34.215,-118.405,34.23,-118.42,10.7,0.0,6.8,0:125;2:130;5:135;7:133;10.7:127,135,125,8,6,1FTFW1E50JFA12345,Ford,F-150,2021,1.1666666666666667,3.34,10.0,85.7,97.1,38.2,29.1,4.342,9.17142857142857,408.74,Truck
287,5,2025-07-23 14:00:00,2025-07-23 15:20:00,51.665,-0.285,51.68,-0.3,12.7,0.0,8.1,0:150;2:155;5:160;8:158;12.7:152,160,150,8,6,WAUZZZ8V6KA106789,Audi,A3,2019,1.3333333333333333,3.74,10.0,92.7,98.9,40.0,30.7,3.74,9.525,508.0,Hatchback
288,2,2025-07-23 16:00:00,2025-07-23 17:30:00,49.015,2.515,49.03,2.53,15.3,1.7,9.2,0:120;3:125;6:130;9:128;15.3:122,130,120,8,6,2T1BURHE0JC048236,Hyundai,Elantra,2021,1.5,4.260000000000001,10.0,79.3,94.9,37.4,28.5,3.834000000000001,10.2,572.22,Sedan
289,10,2025-07-23 18:00:00,2025-07-23 19:20:00,35.845,139.855,35.86,139.87,11.0,0.0,7.4,0:315;2:320;5:325;7:323;11.0:317,325,315,8,6,2C3CDXBG3JH123456,Dodge,Charger,2021,1.3333333333333333,3.4000000000000004,10.0,79.0,94.8,37.3,28.5,3.0600000000000005,8.25,410.3,Sedan
291,1,2025-07-23 22:00:00,2025-07-23 23:10:00,52.68,13.565,52.695,13.58,11.9,0.0,8.0,0:180;2:185;5:190;8:188;11.9:182,190,180,8,6,1HGCM82633A004352,Toyota,Corolla,2022,1.1666666666666667,3.58,10.0,93.9,99.4,40.7,31.0,3.222,10.2,484.33,Sedan
292,8,2025-07-24 00:00:00,2025-07-24 01:30:00,34.24,-118.425,34.255,-118.44,13.3,1.9,8.1,0:135;3:140;7:145;9:143;13.3:137,145,135,8,6,5YJSA1E26JF123456,Tesla,Model S,2023,1.5,3.86,10.0,77.2,93.3,36.8,28.3,3.86,8.866666666666667,489.44,unknown
294,11,2025-07-24 04:00:00,2025-07-24 05:10:00,55.9,37.76,55.91,37.775,12.4,0.0,8.1,0:110;2:115;4:120;7:118;12.4:112,120,110,8,6,3CZRU5H54JM123456,Honda,HR-V,2022,1.1666666666666667,3.6800000000000006,10.0,86.9,97.5,38.6,29.3,4.048000000000001,10.628571428571428,478.64,SUV
295,4,2025-07-24 06:00:00,2025-07-24 07:25:00,42.17,12.65,42.19,12.67,14.5,1.9,8.9,0:160;3:165;6:170;9:168;14.5:162,170,160,10,8,5YJ3E1EA7LF000111,Tesla,Model 3,2023,1.4166666666666667,4.4,10.0,76.3,92.7,36.7,27.8,4.4,10.235294117647058,532.1500000000001,unknown
296,18,2025-07-24 08:00:00,2025-07-24 09:10:00,52.81,13.66,52.83,13.68,13.3,0.0,8.8,0:195;2:200;5:205;8:203;13.3:197,205,195,8,6,1GNSKCKC0JR123456,Chevrolet,Tahoe,2023,1.1666666666666667,3.86,10.0,78.8,94.7,37.3,28.5,4.246,11.4,496.09,SUV
298,13,2025-07-24 12:00:00,2025-07-24 13:20:00,41.0,-74.225,41.02,-74.24,16.4,0.0,10.4,0:145;3:150;7:155;10:153;16.4:147,155,145,10,8,JN1BJ1CR7JW123456,Nissan,Rogue,2023,1.3333333333333333,4.779999999999999,10.0,92.6,98.8,39.9,30.6,5.258,12.3,654.3599999999999,SUV
299,9,2025-07-24 14:00:00,2025-07-24 15:10:00,51.725,-0.335,51.74,-0.35,14.0,1.9,8.8,0:165;2:170;5:175;8:173;14.0:167,175,165,8,6,1G1ZD5ST0JF123456,Chevrolet,Malibu,2020,1.1666666666666667,4.0,10.0,94.1,99.5,40.8,31.1,3.6,12.0,571.1999999999999,Sedan
300,15,2025-07-24 16:00:00,2025-07-24 17:30:00,49.065,2.575,49.08,2.59,15.7,0.0,10.2,0:135;3:140;6:145;9:143;15.7:137,145,135,8,6,KM8J33A44JU123456,Hyundai,Tucson,2022,1.5,4.34,10.0,85.6,97.0,38.2,29.1,4.774,10.466666666666669,599.74,SUV
301,17,2025-07-24 18:00:00,2025-07-24 19:10:00,35.905,139.915,35.92,139.93,13.0,1.7,8.4,0:330;2:335;5:340;7:338;13.0:332,340,330,8,6,5NPE24AF2JH123456,Hyundai,Sonata,2021,1.1666666666666667,3.8,10.0,93.5,99.2,40.3,30.9,3.42,11.142857142857142,523.9,Sedan
303,3,2025-07-24 22:00:00,2025-07-24 23:20:00,42.15,12.74,42.17,12.76,15.3,0.0,10.2,0:205;3:210;7:215;10:213;15.3:207,215,205,10,8,3FA6P0H73JR123456,Ford,Fusion,2020,1.3333333333333333,4.5600000000000005,10.0,86.4,97.4,38.4,29.2,4.104000000000001,11.475,587.52,Sedan
304,16,2025-07-25 00:00:00,2025-07-25 01:30:00,52.71,13.595,52.725,13.61,14.2,2.0,8.6,0:180;3:185;6:190;9:188;14.2:182,190,180,8,6,WA1BNAFY0J2123456,Audi,Q5,2020,1.5,4.04,10.0,76.6,93.2,36.8,28.3,4.444000000000001,9.466666666666669,522.56,SUV
305,7,2025-07-25 02:00:00,2025-07-25 03:10:00,34.23,-118.42,34.245,-118.435,11.0,0.0,7.0,0:130;2:135;5:140;7:138;11.0:132,140,130,8,6,1FTFW1E50JFA12345,Ford,F-150,2021,1.1666666666666667,3.4000000000000004,10.0,85.7,97.1,38.2,29.1,4.420000000000001,9.428571428571429,420.2000000000001,Truck
307,5,2025-07-25 06:00:00,2025-07-25 07:20:00,51.68,-0.3,51.695,-0.315,13.0,0.0,8.3,0:155;2:160;5:165;8:163;13.0:157,165,155,8,6,WAUZZZ8V6KA106789,Audi,A3,2019,1.3333333333333333,3.8,10.0,92.7,98.9,40.0,30.7,3.8,9.75,520.0,Hatchback
308,2,2025-07-25 08:00:00,2025-07-25 09:30:00,49.03,2.53,49.045,2.545,15.6,1.8,9.4,0:125;3:130;6:135;9:133;15.6:127,135,125,8,6,2T1BURHE0JC048236,Hyundai,Elantra,2021,1.5,4.32,10.0,79.3,94.9,37.4,28.5,3.888,10.4,583.4399999999999,Sedan
309,10,2025-07-25 10:00:00,2025-07-25 11:20:00,35.86,139.87,35.875,139.885,11.3,0.0,7.6,0:320;2:325;5:330;7:328;11.3:322,330,320,8,6,2C3CDXBG3JH123456,Dodge,Charger,2021,1.3333333333333333,3.46,10.0,79.0,94.8,37.3,28.5,3.114,8.475000000000001,421.49,Sedan
311,1,2025-07-25 14:00:00,2025-07-25 15:10:00,52.695,13.58,52.71,13.595,12.2,0.0,8.2,0:185;2:190;5:195;8:193;12.2:187,195,185,8,6,1HGCM82633A004352,Toyota,Corolla,2022,1.1666666666666667,3.64,10.0,93.9,99.4,40.7,31.0,3.276,10.457142857142856,496.54,Sedan
312,8,2025-07-25 16:00:00,2025-07-25 17:30:00,34.255,-118.44,34.27,-118.455,13.6,2.0,8.3,0:140;3:145;7:150;9:148;13.6:142,150,140,8,6,5YJSA1E26JF123456,Tesla,Model S,2023,1.5,3.92,10.0,77.2,93.3,36.8,28.3,3.92,9.066666666666666,500.48,unknown
314,11,2025-07-25 20:00:00,2025-07-25 21:10:00,55.91,37.775,55.92,37.79,12.7,0.0,8.3,0:115;2:120;4:125;7:123;12.7:117,125,115,8,6,3CZRU5H54JM123456,Honda,HR-V,2022,1.1666666666666667,3.74,10.0,86.9,97.5,38.6,29.3,4.114000000000001,10.885714285714284,490.22,SUV
315,4,2025-07-25 22:00:00,2025-07-25 23:25:00,42.19,12.67,42.21,12.69,14.8,2.0,9.1,0:165;3:170;6:175;9:173;14.8:167,175,165,10,8,5YJ3E1EA7LF000111,Tesla,Model 3,2023,1.4166666666666667,4.460000000000001,10.0,76.3,92.7,36.7,27.8,4.460000000000001,10.447058823529412,543.1600000000001,unknown
316,18,2025-07-26 00:00:00,2025-07-26 01:10:00,52.83,13.68,52.85,13.7,13.6,0.0,9.0,0:200;2:205;5:210;8:208;13.6:202,210,200,8,6,1GNSKCKC0JR123456,Chevrolet,Tahoe,2023,1.1666666666666667,3.92,10.0,78.8,94.7,37.3,28.5,4.312,11.657142857142857,507.28,SUV
318,13,2025-07-26 04:00:00,2025-07-26 05:20:00,41.02,-74.24,41.04,-74.255,16.7,0.0,10.6,0:150;3:155;7:160;10:158;16.7:152,160,150,10,8,JN1BJ1CR7JW123456,Nissan,Rogue,2023,1.3333333333333333,4.84,10.0,92.6,98.8,39.9,30.6,5.324,12.525,666.3299999999999,SUV
319,9,2025-07-26 06:00:00,2025-07-26 07:10:00,51.74,-0.35,51.755,-0.365,14.3,2.0,9.0,0:170;2:175;5:180;8:178;14.3:172,180,170,8,6,1G1ZD5ST0JF123456,Chevrolet,Malibu,2020,1.1666666666666667,4.0600000000000005,10.0,94.1,99.5,40.8,31.1,3.654,12.257142857142856,583.4399999999999,Sedan
320,15,2025-07-26 08:00:00,2025-07-26 09:30:00,49.08,2.59,49.095,2.605,16.0,0.0,10.4,0:140;3:145;6:150;9:148;16.0:142,150,140,8,6,KM8J33A44JU123456,Hyundai,Tucson,2022,1.5,4.4,10.0,85.6,97.0,38.2,29.1,4.840000000000001,10.666666666666666,611.2,SUV
321,17,2025-07-26 10:00:00,2025-07-26 11:10:00,35.905,139.915,35.92,139.93,13.3,1.8,8.6,0:335;2:340;5:345;7:343;13.3:337,345,335,8,6,5NPE24AF2JH123456,Hyundai,Sonata,2021,1.1666666666666667,3.86,10.0,93.5,99.2,40.3,30.9,3.474,11.4,535.99,Sedan
323,3,2025-07-26 14:00:00,2025-07-26 15:20:00,42.17,12.76,42.19,12.78,15.6,0.0,10.4,0:210;3:215;7:220;10:218;15.6:212,220,210,10,8,3FA6P0H73JR123456,Ford,Fusion,2020,1.3333333333333333,4.62,10.0,86.4,97.4,38.4,29.2,4.158,11.7,599.04,Sedan
324,16,2025-07-26 16:00:00,2025-07-26 17:30:00,52.725,13.61,52.74,13.625,14.5,2.1,8.8,0:185;3:190;6:195;9:193;14.5:187,195,185,8,6,WA1BNAFY0J2123456,Audi,Q5,2020,1.5,4.1000000000000005,10.0,76.6,93.2,36.8,28.3,4.510000000000001,9.666666666666666,533.5999999999999,SUV
325,7,2025-07-26 18:00:00,2025-07-26 19:10:00,34.245,-118.435,34.26,-118.45,11.3,0.0,7.2,0:135;2:140;5:145;7:143;11.3:137,145,135,8,6,1FTFW1E50JFA12345,Ford,F-150,2021,1.1666666666666667,3.46,10.0,85.7,97.1,38.2,29.1,4.498,9.685714285714283,431.6600000000001,Truck
327,5,2025-07-26 22:00:00,2025-07-26 23:20:00,51.695,-0.315,51.71,-0.33,13.3,0.0,8.5,0:160;2:165;5:170;8:168;13.3:162,170,160,8,6,WAUZZZ8V6KA106789,Audi,A3,2019,1.3333333333333333,3.86,10.0,92.7,98.9,40.0,30.7,3.86,9.975,532.0,Hatchback
328,2,2025-07-27 00:00:00,2025-07-27 01:30:00,49.045,2.545,49.06,2.56,15.9,1.9,9.6,0:130;3:135;6:140;9:138;15.9:132,140,130,8,6,2T1BURHE0JC048236,Hyundai,Elantra,2021,1.5,4.38,10.0,79.3,94.9,37.4,28.5,3.942,10.6,594.66,Sedan
329,10,2025-07-27 02:00:00,2025-07-27 03:20:00,35.875,139.885,35.89,139.9,11.6,0.0,7.8,0:325;2:330;5:335;7:333;11.6:327,335,325,8,6,2C3CDXBG3JH123456,Dodge,Charger,2021,1.3333333333333333,3.52,10.0,79.0,94.8,37.3,28.5,3.168,8.700000000000001,432.68,Sedan
331,1,2025-07-27 06:00:00,2025-07-27 07:10:00,52.71,13.595,52.725,13.61,12.5,0.0,8.4,0:190;2:195;5:200;8:198;12.5:192,200,190,8,6,1HGCM82633A004352,Toyota,Corolla,2022,1.1666666666666667,3.7,10.0,93.9,99.4,40.7,31.0,3.33,10.714285714285714,508.75000000000006,Sedan
332,8,2025-07-27 08:00:00,2025-07-27 09:30:00,34.27,-118.455,34.285,-118.47,13.9,2.1,8.5,0:145;3:150;7:155;9:153;13.9:147,155,145,8,6,5YJSA1E26JF123456,Tesla,Model S,2023,1.5,3.98,10.0,77.2,93.3,36.8,28.3,3.98,9.266666666666667,511.52,unknown
334,11,2025-07-27 12:00:00,2025-07-27 13:10:00,55.92,37.79,55.93,37.805,13.0,0.0,8.5,0:120;2:125;4:130;7:128;13.0:122,130,120,8,6,3CZRU5H54JM123456,Honda,HR-V,2022,1.1666666666666667,3.8,10.0,86.9,97.5,38.6,29.3,4.18,11.142857142857142,501.8,SUV
335,4,2025-07-27 14:00:00,2025-07-27 15:25:00,42.21,12.69,42.23,12.71,15.1,2.1,9.3,0:170;3:175;6:180;9:178;15.1:172,180,170,10,8,5YJ3E1EA7LF000111,Tesla,Model 3,2023,1.4166666666666667,4.52,10.0,76.3,92.7,36.7,27.8,4.52,10.658823529411764,554.1700000000001,unknown
336,18,2025-07-27 16:00:00,2025-07-27 17:10:00,52.85,13.7,52.87,13.72,13.9,0.0,9.2,0:205;2:210;5:215;8:213;13.9:207,215,205,8,6,1GNSKCKC0JR123456,Chevrolet,Tahoe,2023,1.1666666666666667,3.98,10.0,78.8,94.7,37.3,28.5,4.378,11.914285714285716,518.47,SUV
338,13,2025-07-27 20:00:00,2025-07-27 21:20:00,41.04,-74.255,41.06,-74.27,17.0,0.0,10.8,0:155;3:160;7:165;10:163;17.0:157,165,155,10,8,JN1BJ1CR7JW123456,Nissan,Rogue,2023,1.3333333333333333,4.9,10.0,92.6,98.8,39.9,30.6,5.390000000000001,12.75,678.3,SUV
339,9,2025-07-27 22:00:00,2025-07-27 23:10:00,51.755,-0.365,51.77,-0.38,14.6,2.1,9.2,0:175;2:180;5:185;8:183;14.6:177,185,175,8,6,1G1ZD5ST0JF123456,Chevrolet,Malibu,2020,1.1666666666666667,4.12,10.0,94.1,99.5,40.8,31.1,3.708,12.514285714285712,595.68,Sedan
340,15,2025-07-28 00:00:00,2025-07-28 01:30:00,49.095,2.605,49.11,2.62,16.3,0.0,10.6,0:145;3:150;6:155;9:153;16.3:147,155,145,8,6,KM8J33A44JU123456,Hyundai,Tucson,2022,1.5,4.46,10.0,85.6,97.0,38.2,29.1,4.906000000000001,10.866666666666667,622.6600000000001,SUV
341,17,2025-07-28 02:00:00,2025-07-28 03:10:00,35.92,139.93,35.935,139.945,13.6,1.9,8.8,0:340;2:345;5:350;7:348;13.6:342,350,340,8,6,5NPE24AF2JH123456,Hyundai,Sonata,2021,1.1666666666666667,3.92,10.0,93.5,99.2,40.3,30.9,3.528,11.657142857142857,548.0799999999999,Sedan
343,3,2025-07-28 06:00:00,2025-07-28 07:20:00,42.19,12.78,42.21,12.8,15.9,0.0,10.6,0:215;3:220;7:225;10:223;15.9:217,225,215,10,8,3FA6P0H73JR123456,Ford,Fusion,2020,1.3333333333333333,4.68,10.0,86.4,97.4,38.4,29.2,4.212,11.925,610.56,Sedan
344,16,2025-07-28 08:00:00,2025-07-28 09:30:00,52.74,13.625,52.755,13.64,14.8,2.2,9.0,0:190;3:195;6:200;9:198;14.8:192,200,190,8,6,WA1BNAFY0J2123456,Audi,Q5,2020,1.5,4.16,10.0,76.6,93.2,36.8,28.3,4.5760000000000005,9.866666666666667,544.64,SUV
345,7,2025-07-28 10:00:00,2025-07-28 11:10:00,34.26,-118.45,34.275,-118.465,11.6,0.0,7.4,0:140;2:145;5:150;7:148;11.6:142,150,140,8,6,1FTFW1E50JFA12345,Ford,F-150,2021,1.1666666666666667,3.52,10.0,85.7,97.1,38.2,29.1,4.5760000000000005,9.94285714285714,443.12,Truck
347,5,2025-07-28 14:00:00,2025-07-28 15:20:00,51.71,-0.33,51.725,-0.345,13.6,0.0,8.7,0:165;2:170;5:175;8:173;13.6:167,175,165,8,6,WAUZZZ8V6KA106789,Audi,A3,2019,1.3333333333333333,3.92,10.0,92.7,98.9,40.0,30.7,3.92,10.2,544.0,Hatchback
348,2,2025-07-28 16:00:00,2025-07-28 17:30:00,49.06,2.56,49.075,2.575,16.2,2.0,9.8,0:135;3:140;6:145;9:143;16.2:137,145,135,8,6,2T1BURHE0JC048236,Hyundai,Elantra,2021,1.5,4.44,10.0,79.3,94.9,37.4,28.5,3.996,10.8,605.88,Sedan
349,10,2025-07-28 18:00:00,2025-07-28 19:20:00,35.89,139.9,35.905,139.915,11.9,0.0,8.0,0:330;2:335;5:340;7:338;11.9:332,340,330,8,6,2C3CDXBG3JH123456,Dodge,Charger,2021,1.3333333333333333,3.58,10.0,79.0,94.8,37.3,28.5,3.222,8.925,443.87,Sedan
351,17,2025-07-28 22:00:00,2025-07-28 23:10:00,35.935,139.945,35.95,139.96,13.9,2.0,9.0,0:345;2:350;5:355;7:353;13.9:347,355,345,8,6,5NPE24AF2JH123456,Hyundai,Sonata,2021,1.1666666666666667,3.98,10.0,93.5,99.2,40.3,30.9,3.582,11.914285714285716,560.17,Sedan
353,3,2025-07-29 02:00:00,2025-07-29 03:20:00,42.21,12.8,42.23,12.82,16.2,0.0,10.8,0:220;3:225;7:230;10:228;16.2:222,230,220,10,8,3FA6P0H73JR123456,Ford,Fusion,2020,1.3333333333333333,4.74,10.0,86.4,97.4,38.4,29.2,4.266,12.15,622.0799999999999,Sedan
354,16,2025-07-29 04:00:00,2025-07-29 05:30:00,52.755,13.64,52.77,13.655,15.1,2.3,9.2,0:195;3:200;6:205;9:203;15.1:197,205,195,8,6,WA1BNAFY0J2123456,Audi,Q5,2020,1.5,4.22,10.0,76.6,93.2,36.8,28.3,4.642,10.066666666666666,555.68,SUV
355,7,2025-07-29 06:00:00,2025-07-29 07:10:00,34.275,-118.465,34.29,-118.48,11.9,0.0,7.6,0:145;2:150;5:155;7:153;11.9:147,155,145,8,6,1FTFW1E50JFA12345,Ford,F-150,2021,1.1666666666666667,3.58,10.0,85.7,97.1,38.2,29.1,4.654,10.2,454.58,Truck
357,5,2025-07-29 10:00:00,2025-07-29 11:20:00,51.71,-0.33,51.725,-0.345,13.9,0.0,8.9,0:170;2:175;5:180;8:178;13.9:172,180,170,8,6,WAUZZZ8V6KA106789,Audi,A3,2019,1.3333333333333333,3.98,10.0,92.7,98.9,40.0,30.7,3.98,10.425,556.0,Hatchback
358,2,2025-07-29 12:00:00,2025-07-29 13:30:00,49.075,2.575,49.09,2.59,16.5,2.1,10.0,0:140;3:145;6:150;9:148;16.5:142,150,140,8,6,2T1BURHE0JC048236,Hyundai,Elantra,2021,1.5,4.5,10.0,79.3,94.9,37.4,28.5,4.05,11.0,617.1,Sedan
359,10,2025-07-29 14:00:00,2025-07-29 15:20:00,35.905,139.915,35.92,139.93,12.2,0.0,8.2,0:335;2:340;5:345;7:343;12.2:337,345,335,8,6,2C3CDXBG3JH123456,Dodge,Charger,2021,1.3333333333333333,3.64,10.0,79.0,94.8,37.3,28.5,3.276,9.15,455.06,Sedan
361,1,2025-07-29 18:00:00,2025-07-29 19:10:00,52.725,13.61,52.74,13.625,12.8,0.0,8.6,0:195;2:200;5:205;8:203;12.8:197,205,195,8,6,1HGCM82633A004352,Toyota,Corolla,2022,1.1666666666666667,3.7600000000000007,10.0,93.9,99.4,40.7,31.0,3.384000000000001,10.971428571428572,520.96,Sedan
362,8,2025-07-29 20:00:00,2025-07-29 21:30:00,34.285,-118.47,34.3,-118.485,14.2,2.2,8.7,0:150;3:155;7:160;9:158;14.2:152,160,150,8,6,5YJSA1E26JF123456,Tesla,Model S,2023,1.5,4.04,10.0,77.2,93.3,36.8,28.3,4.04,9.466666666666669,522.56,unknown
364,11,2025-07-30 00:00:00,2025-07-30 01:10:00,55.93,37.805,55.94,37.82,13.3,0.0,8.7,0:125;2:130;4:135;7:133;13.3:127,135,125,8,6,3CZRU5H54JM123456,Honda,HR-V,2022,1.1666666666666667,3.86,10.0,86.9,97.5,38.6,29.3,4.246,11.4,513.38,SUV
365,4,2025-07-30 02:00:00,2025-07-30 03:25:00,42.23,12.71,42.25,12.73,15.4,2.2,9.5,0:175;3:180;6:185;9:183;15.4:177,185,175,10,8,5YJ3E1EA7LF000111,Tesla,Model 3,2023,1.4166666666666667,4.58,10.0,76.3,92.7,36.7,27.8,4.58,10.870588235294118,565.1800000000001,unknown
366,18,2025-07-30 04:00:00,2025-07-30 05:10:00,52.87,13.72,52.89,13.74,14.2,0.0,9.4,0:210;2:215;5:220;8:218;14.2:212,220,210,8,6,1GNSKCKC0JR123456,Chevrolet,Tahoe,2023,1.1666666666666667,4.04,10.0,78.8,94.7,37.3,28.5,4.444000000000001,12.17142857142857,529.66,SUV
368,13,2025-07-30 08:00:00,2025-07-30 09:20:00,41.06,-74.27,41.08,-74.285,17.3,0.0,11.0,0:160;3:165;7:170;10:168;17.3:162,170,160,10,8,JN1BJ1CR7JW123456,Nissan,Rogue,2023,1.3333333333333333,4.960000000000001,10.0,92.6,98.8,39.9,30.6,5.456000000000001,12.975,690.27,SUV
369,9,2025-07-30 10:00:00,2025-07-30 11:10:00,51.77,-0.38,51.785,-0.395,14.9,2.2,9.4,0:180;2:185;5:190;8:188;14.9:182,190,180,8,6,1G1ZD5ST0JF123456,Chevrolet,Malibu,2020,1.1666666666666667,4.180000000000001,10.0,94.1,99.5,40.8,31.1,3.762000000000001,12.77142857142857,607.92,Sedan
370,15,2025-07-30 12:00:00,2025-07-30 13:30:00,49.11,2.62,49.125,2.635,16.6,0.0,10.8,0:150;3:155;6:160;9:158;16.6:152,160,150,8,6,KM8J33A44JU123456,Hyundai,Tucson,2022,1.5,4.5200000000000005,10.0,85.6,97.0,38.2,29.1,4.972000000000001,11.066666666666668,634.1200000000001,SUV
371,17,2025-07-30 14:00:00,2025-07-30 15:10:00,35.92,139.93,35.935,139.945,13.9,2.0,9.0,0:345;2:350;5:355;7:353;13.9:347,355,345,8,6,5NPE24AF2JH123456,Hyundai,Sonata,2021,1.1666666666666667,3.98,10.0,93.5,99.2,40.3,30.9,3.582,11.914285714285716,560.17,Sedan
373,3,2025-07-30 18:00:00,2025-07-30 19:20:00,42.23,12.82,42.25,12.84,16.5,0.0,11.0,0:225;3:230;7:235;10:233;16.5:227,235,225,10,8,3FA6P0H73JR123456,Ford,Fusion,2020,1.3333333333333333,4.800000000000001,10.0,86.4,97.4,38.4,29.2,4.320000000000001,12.375,633.6,Sedan
374,16,2025-07-30 20:00:00,2025-07-30 21:30:00,52.77,13.655,52.785,13.67,15.4,2.4,9.4,0:200;3:205;6:210;9:208;15.4:202,210,200,8,6,WA1BNAFY0J2123456,Audi,Q5,2020,1.5,4.28,10.0,76.6,93.2,36.8,28.3,4.708000000000001,10.266666666666667,566.7199999999999,SUV
375,7,2025-07-30 22:00:00,2025-07-30 23:10:00,34.29,-118.48,34.305,-118.495,12.2,0.0,7.8,0:150;2:155;5:160;7:158;12.2:152,160,150,8,6,1FTFW1E50JFA12345,Ford,F-150,2021,1.1666666666666667,3.64,10.0,85.7,97.1,38.2,29.1,4.732,10.457142857142856,466.04,Truck
376,18,2025-07-31 00:00:00,2025-07-31 01:10:00,52.89,13.74,52.91,13.76,14.5,0.0,9.6,0:215;2:220;5:225;8:223;14.5:217,225,215,8,6,1GNSKCKC0JR123456,Chevrolet,Tahoe,2023,1.1666666666666667,4.1000000000000005,10.0,78.8,94.7,37.3,28.5,4.510000000000001,12.428571428571429,540.8499999999999,SUV
378,13,2025-07-31 04:00:00,2025-07-31 05:20:00,41.08,-74.285,41.1,-74.3,17.6,0.0,11.2,0:165;3:170;7:175;10:173;17.6:167,175,165,10,8,JN1BJ1CR7JW123456,Nissan,Rogue,2023,1.3333333333333333,5.0200000000000005,10.0,92.6,98.8,39.9,30.6,5.522000000000001,13.2,702.24,SUV
379,9,2025-07-31 06:00:00,2025-07-31 07:10:00,51.785,-0.395,51.8,-0.41,15.2,2.3,9.6,0:185;2:190;5:195;8:193;15.2:187,195,185,8,6,1G1ZD5ST0JF123456,Chevrolet,Malibu,2020,1.1666666666666667,4.24,10.0,94.1,99.5,40.8,31.1,3.816,13.028571428571428,620.16,Sedan
380,15,2025-07-31 08:00:00,2025-07-31 09:30:00,49.125,2.635,49.14,2.65,16.9,0.0,11.0,0:155;3:160;6:165;9:163;16.9:157,165,155,8,6,KM8J33A44JU123456,Hyundai,Tucson,2022,1.5,4.58,10.0,85.6,97.0,38.2,29.1,5.038,11.266666666666666,645.58,SUV
381,17,2025-07-31 10:00:00,2025-07-31 11:10:00,35.935,139.945,35.95,139.96,14.2,2.1,9.2,0:350;2:355;5:360;7:358;14.2:352,360,350,8,6,5NPE24AF2JH123456,Hyundai,Sonata,2021,1.1666666666666667,4.04,10.0,93.5,99.2,40.3,30.9,3.636,12.17142857142857,572.2599999999999,Sedan
383,3,2025-07-31 14:00:00,2025-07-31 15:20:00,42.25,12.84,42.27,12.86,16.8,0.0,11.2,0:230;3:235;7:240;10:238;16.8:232,240,230,10,8,3FA6P0H73JR123456,Ford,Fusion,2020,1.3333333333333333,4.86,10.0,86.4,97.4,38.4,29.2,4.3740000000000006,12.6,645.12,Sedan
384,16,2025-07-31 16:00:00,2025-07-31 17:30:00,52.785,13.67,52.8,13.685,15.7,2.5,9.2,0:205;3:210;6:215;9:213;15.7:207,215,205,8,6,WA1BNAFY0J2123456,Audi,Q5,2020,1.5,4.34,10.0,76.6,93.2,36.8,28.3,4.774,10.466666666666669,577.7599999999999,SUV
385,7,2025-07-31 18:00:00,2025-07-31 19:10:00,34.305,-118.495,34.32,-118.51,12.5,0.0,8.0,0:155;2:160;5:165;7:163;12.5:157,165,155,8,6,1FTFW1E50JFA12345,Ford,F-150,2021,1.1666666666666667,3.7,10.0,85.7,97.1,38.2,29.1,4.8100000000000005,10.714285714285714,477.50000000000006,Truck
387,5,2025-07-31 22:00:00,2025-07-31 23:20:00,51.725,-0.345,51.74,-0.36,14.2,0.0,9.1,0:175;2:180;5:185;8:183;14.2:177,185,175,8,6,WAUZZZ8V6KA106789,Audi,A3,2019,1.3333333333333333,4.04,10.0,92.7,98.9,40.0,30.7,4.04,10.65,568.0,Hatchback
388,2,2025-08-01 00:00:00,2025-08-01 01:30:00,49.09,2.59,49.105,2.605,17.1,2.2,10.2,0:145;3:150;6:155;9:153;17.1:147,155,145,8,6,2T1BURHE0JC048236,Hyundai,Elantra,2021,1.5,4.62,10.0,79.3,94.9,37.4,28.5,4.158,11.4,639.5400000000001,Sedan
389,10,2025-08-01 02:00:00,2025-08-01 03:20:00,35.92,139.93,35.935,139.945,12.5,0.0,8.4,0:340;2:345;5:350;7:348;12.5:342,350,340,8,6,2C3CDXBG3JH123456,Dodge,Charger,2021,1.3333333333333333,3.7,10.0,79.0,94.8,37.3,28.5,3.33,9.375,466.25,Sedan
391,1,2025-08-01 06:00:00,2025-08-01 07:10:00,52.74,13.625,52.755,13.64,13.1,0.0,8.8,0:200;2:205;5:210;8:208;13.1:202,210,200,8,6,1HGCM82633A004352,Toyota,Corolla,2022,1.1666666666666667,3.82,10.0,93.9,99.4,40.7,31.0,3.438,11.228571428571428,533.1700000000001,Sedan
392,8,2025-08-01 08:00:00,2025-08-01 09:30:00,34.3,-118.485,34.315,-118.5,14.5,2.3,8.9,0:155;3:160;7:165;9:163;14.5:157,165,155,8,6,5YJSA1E26JF123456,Tesla,Model S,2023,1.5,4.1000000000000005,10.0,77.2,93.3,36.8,28.3,4.1000000000000005,9.666666666666666,533.5999999999999,unknown
394,11,2025-08-01 12:00:00,2025-08-01 13:10:00,55.94,37.82,55.95,37.835,13.6,0.0,8.9,0:130;2:135;4:140;7:138;13.6:132,140,130,8,6,3CZRU5H54JM123456,Honda,HR-V,2022,1.1666666666666667,3.92,10.0,86.9,97.5,38.6,29.3,4.312,11.657142857142857,524.96,SUV
395,4,2025-08-01 14:00:00,2025-08-01 15:25:00,42.25,12.73,42.27,12.75,15.7,2.3,9.7,0:180;3:185;6:190;9:188;15.7:182,190,180,10,8,5YJ3E1EA7LF000111,Tesla,Model 3,2023,1.4166666666666667,4.640000000000001,10.0,76.3,92.7,36.7,27.8,4.640000000000001,11.08235294117647,576.19,unknown
396,18,2025-08-01 16:00:00,2025-08-01 17:10:00,52.91,13.76,52.93,13.78,14.8,0.0,9.8,0:220;2:225;5:230;8:228;14.8:222,230,220,8,6,1GNSKCKC0JR123456,Chevrolet,Tahoe,2023,1.1666666666666667,4.16,10.0,78.8,94.7,37.3,28.5,4.5760000000000005,12.685714285714283,552.04,SUV
398,13,2025-08-01 20:00:00,2025-08-01 21:20:00,41.1,-74.3,41.12,-74.315,17.9,0.0,11.4,0:170;3:175;7:180;10:178;17.9:172,180,170,10,8,JN1BJ1CR7JW123456,Nissan,Rogue,2023,1.3333333333333333,5.08,10.0,92.6,98.8,39.9,30.6,5.588000000000001,13.425,714.2099999999999,SUV
399,9,2025-08-01 22:00:00,2025-08-01 23:10:00,51.8,-0.41,51.815,-0.425,15.5,2.4,9.8,0:190;2:195;5:200;8:198;15.5:192,200,190,8,6,1G1ZD5ST0JF123456,Chevrolet,Malibu,2020,1.1666666666666667,4.3,10.0,94.1,99.5,40.8,31.1,3.87,13.285714285714285,632.4,Sedan
400,15,2025-08-02 00:00:00,2025-08-02 01:30:00,49.14,2.65,49.155,2.665,17.2,0.0,11.2,0:160;3:165;6:170;9:168;17.2:162,170,160,8,6,KM8J33A44JU123456,Hyundai,Tucson,2022,1.5,4.64,10.0,85.6,97.0,38.2,29.1,5.104,11.466666666666669,657.0400000000001,SUV
